,text_id,nominativity,descriptivity,nouns,adjectives,verbs,adverbs,pronouns,numerals
0,5068377,0.43,0.23,88,48,108,43,22,3
1,1597194,0.44,0.15,144,50,150,54,45,4
2,6295736,0.54,0.16,70,21,40,7,7,1
3,6993046,0.55,0.2,85,31,51,8,8,4
4,5788279,0.56,0.16,119,34,70,8,8,2
5,1726484,0.51,0.1,78,15,67,22,15,1
6,4967492,0.52,0.2,201,78,139,32,23,4
7,2551007,0.5,0.23,78,36,52,12,8,1
8,1333604,0.51,0.18,67,24,43,9,10,0
9,8865416,0.49,0.19,276,109,180,40,20,6
10,6850976,0.43,0.17,157,60,144,50,47,3
11,1313640,0.45,0.18,102,41,87,17,13,6
12,7902603,0.52,0.19,257,91,150,26,26,11
13,1761288,0.47,0.22,84,39,63,19,17,1
14,4015657,0.54,0.18,89,29,61,8,8,1
15,5199285,0.48,0.2,186,77,165,45,54,3
16,8486230,0.54,0.19,88,31,48,15,9,4
17,5603710,0.41,0.15,69,25,72,18,29,2
18,1505092,0.51,0.14,131,37,83,18,26,12
19,4482856,0.57,0.15,127,34,59,13,4,6
20,3877248,0.58,0.15,90,23,54,16,7,0
21,3132646,0.55,0.12,83,19,65,21,6,1
22,1474142,0.52,0.24,77,36,39,13,8,1
23,1190794,0.45,0.14,70,21,85,21,33,0
24,5540366,0.47,0.13,44,12,46,13,23,0
25,9793629,0.43,0.15,138,49,152,46,39,6
26,6730339,0.5,0.26,208,108,96,34,18,2
27,8479778,0.53,0.13,133,32,88,18,27,1
28,9244728,0.57,0.2,97,34,54,11,10,1
29,6890392,0.53,0.17,90,29,53,13,10,4
30,8705239,0.54,0.21,91,36,53,8,10,0
31,3051030,0.47,0.16,78,27,64,16,14,2
32,9528839,0.57,0.11,65,13,33,10,34,0
33,8424654,0.54,0.16,88,26,51,17,9,2
34,9300257,0.52,0.22,84,36,54,11,16,0
35,4111943,0.54,0.15,107,29,75,14,24,3
36,6381754,0.5,0.15,183,57,132,28,53,11
37,9329144,0.47,0.23,71,35,47,18,20,2
38,6687154,0.48,0.13,221,60,188,58,84,4
39,4859264,0.5,0.11,259,54,236,63,81,11
40,5310485,0.49,0.12,148,38,132,24,48,2
41,4114886,0.63,0.19,99,30,36,11,10,3
42,8952064,0.5,0.16,109,35,82,20,21,5
43,7690782,0.52,0.19,161,60,80,28,14,2
44,2404270,0.48,0.2,130,53,78,22,30,9
45,1251600,0.57,0.16,66,18,40,12,9,1
46,8925028,0.5,0.27,75,41,40,18,25,3
47,7429540,0.51,0.17,83,28,52,16,16,5
48,4179300,0.53,0.15,226,64,155,35,47,5
49,3447986,0.52,0.17,536,177,234,58,47,12
50,3981939,0.44,0.25,66,38,47,14,15,5
51,7355696,0.52,0.18,95,34,53,15,8,1
52,2313045,0.56,0.13,120,28,78,12,26,5
53,5662041,0.49,0.22,93,42,57,12,11,1
54,4337843,0.55,0.2,84,31,48,9,22,1
55,9234427,0.48,0.2,79,33,57,13,15,5
56,4084975,0.5,0.2,59,24,32,7,3,4
57,4945246,0.47,0.18,172,67,137,28,28,3
58,7379935,0.46,0.29,74,46,54,16,13,1
59,1570488,0.52,0.15,91,26,73,10,14,2
60,6155663,0.52,0.22,80,34,46,16,16,2
61,1869016,0.47,0.17,222,81,225,50,67,1
62,9833317,0.51,0.13,75,19,64,25,24,0
63,5394752,0.46,0.16,83,29,64,25,23,6
64,1203590,0.56,0.2,89,32,43,14,18,4
65,3084142,0.44,0.2,105,49,85,26,25,11
66,4164580,0.52,0.12,92,22,63,15,27,1
67,5588748,0.49,0.26,78,41,47,13,19,5
68,5033136,0.53,0.15,73,21,54,10,9,1
69,1050413,0.49,0.17,304,105,228,61,38,10
70,8121022,0.56,0.15,58,16,30,7,8,2
71,4899536,0.54,0.17,85,27,55,11,8,0
72,1522623,0.47,0.18,144,56,130,47,43,3
73,3378050,0.47,0.17,139,52,120,28,22,7
74,4145514,0.56,0.17,220,67,122,20,39,5
75,1083787,0.51,0.19,95,36,62,3,12,2
76,5215195,0.54,0.18,87,29,54,13,19,0
77,9063915,0.5,0.22,96,43,62,12,12,1
78,9137204,0.51,0.15,68,20,49,15,8,0
79,9978851,0.48,0.14,159,47,121,37,28,1
80,6424178,0.53,0.17,275,89,161,38,33,12
81,1646250,0.51,0.24,71,33,32,11,6,2
82,3657678,0.49,0.29,39,23,24,7,8,1
83,7430329,0.49,0.18,109,41,80,16,24,1
84,8848423,0.52,0.22,81,35,58,9,18,0
85,3327548,0.52,0.2,67,26,45,12,21,2
86,2739235,0.53,0.16,101,31,69,17,16,3
87,2418994,0.48,0.21,81,36,70,14,19,1
88,3249258,0.51,0.18,65,23,37,12,4,2
89,2620267,0.53,0.11,150,31,97,26,33,3
90,7947642,0.62,0.17,86,24,31,6,17,2
91,1942396,0.5,0.22,79,34,50,18,24,2
92,7800989,0.48,0.11,118,26,93,37,47,1
93,2279507,0.51,0.2,227,89,156,37,42,4
94,2622433,0.52,0.18,129,44,101,18,32,2
95,8402434,0.52,0.18,184,65,103,24,50,4
96,9115812,0.53,0.16,401,120,272,74,100,6
97,8684447,0.53,0.21,221,86,137,54,22,5
98,3733815,0.54,0.12,89,20,60,13,22,0
99,3856543,0.5,0.21,181,75,112,13,10,9
100,2245049,0.47,0.17,190,68,185,30,56,6
101,7196232,0.55,0.17,232,71,136,17,38,6
102,1488854,0.62,0.22,31,11,17,2,6,0
103,2551504,0.43,0.13,71,21,76,28,9,1
104,7625561,0.51,0.16,166,52,113,31,54,4
105,7313656,0.47,0.21,158,69,125,46,38,2
106,2612980,0.46,0.19,236,97,205,50,74,4
107,7371547,0.49,0.24,77,37,45,19,17,3
108,5193760,0.5,0.14,106,29,73,9,19,7
109,7480549,0.51,0.15,193,58,170,43,62,2
110,5482923,0.45,0.19,220,91,233,60,103,7
111,3158393,0.52,0.2,84,33,51,14,13,2
112,2582941,0.53,0.22,92,38,45,17,25,2
113,6579855,0.51,0.14,211,58,163,34,33,6
114,6108686,0.52,0.15,380,111,272,49,80,5
115,4368863,0.36,0.27,40,30,60,26,14,2
116,3948763,0.51,0.16,114,36,91,35,33,7
117,4641368,0.47,0.19,245,96,186,40,40,3
118,9326706,0.56,0.2,158,57,91,21,19,2
119,7469272,0.51,0.17,189,62,108,19,20,17
120,6510643,0.52,0.18,141,50,88,43,34,0
121,8323241,0.48,0.21,71,32,48,21,17,7
122,5026234,0.51,0.21,80,32,46,12,6,3
123,3850678,0.54,0.15,196,54,136,22,26,2
124,5107070,0.5,0.18,223,82,150,49,49,3
125,9562774,0.54,0.18,67,22,45,7,13,2
126,5117320,0.52,0.2,182,69,99,17,19,10
127,2599166,0.5,0.16,163,53,139,26,47,3
128,9115003,0.52,0.17,91,30,53,14,14,6
129,3104265,0.51,0.17,229,75,178,47,61,1
130,1627594,0.51,0.16,245,76,190,72,45,3
131,3575696,0.53,0.16,216,64,162,34,71,1
132,7272268,0.55,0.17,88,28,38,10,2,7
133,9726850,0.53,0.15,316,91,217,68,56,7
134,3805407,0.49,0.16,230,78,211,55,68,3
135,8814014,0.48,0.22,59,27,22,7,7,4
136,1579313,0.57,0.18,66,21,27,4,9,0
137,5265631,0.48,0.22,73,34,46,13,7,6
138,8542363,0.51,0.17,92,31,66,13,22,4
139,4787627,0.52,0.23,86,39,50,8,6,1
140,7045528,0.5,0.16,130,40,99,27,30,4
141,3083116,0.52,0.14,173,46,140,17,31,10
142,3317322,0.51,0.19,73,28,46,10,19,5
143,3273170,0.45,0.18,233,91,217,51,93,1
144,9996084,0.48,0.24,79,39,51,12,16,2
145,6927822,0.49,0.19,238,91,205,49,82,6
146,4141747,0.56,0.22,107,42,60,8,19,1
147,6532226,0.53,0.19,312,115,202,56,54,13
148,8909854,0.5,0.19,84,32,53,12,7,2
149,4473430,0.46,0.19,118,49,93,32,28,7
150,7531087,0.51,0.2,163,63,122,14,38,2
151,4338518,0.5,0.22,142,61,80,17,19,4
152,3762645,0.46,0.12,72,19,67,18,24,0
153,2007660,0.52,0.18,130,44,116,30,46,4
154,6063144,0.52,0.16,232,71,153,22,54,12
155,1883775,0.54,0.22,88,36,48,9,18,2
156,9878358,0.51,0.22,75,32,52,7,14,2
157,1994828,0.5,0.17,305,105,216,47,52,10
158,2816368,0.48,0.18,75,28,61,22,36,2
159,8998289,0.47,0.18,204,77,162,52,51,5
160,3120051,0.48,0.13,39,11,33,10,5,1
161,6812840,0.49,0.2,154,64,110,26,16,0
162,9963288,0.48,0.2,205,83,157,41,50,3
163,5013527,0.55,0.22,89,36,51,13,22,2
164,5160047,0.52,0.2,421,165,224,40,34,19
165,4103700,0.53,0.19,93,33,49,17,22,3
166,8087812,0.52,0.15,187,55,120,25,33,4
167,2491856,0.57,0.2,288,100,152,30,49,4
168,9646771,0.5,0.18,274,97,197,48,34,8
169,7198755,0.48,0.2,86,36,53,12,7,1
170,2232858,0.59,0.16,95,26,50,12,19,0
171,9321858,0.45,0.26,35,20,43,8,11,0
172,6507166,0.48,0.18,83,31,62,25,32,1
173,9511354,0.54,0.26,59,29,36,8,11,1
174,8551426,0.44,0.14,61,19,70,9,31,4
175,3292580,0.46,0.17,168,61,164,39,65,9
176,7027919,0.53,0.11,184,40,127,23,22,9
177,4608520,0.52,0.16,79,25,55,8,17,4
178,7647474,0.48,0.13,80,21,71,23,13,0
179,9529553,0.5,0.18,69,25,51,13,34,1
180,9743876,0.49,0.19,172,68,139,41,57,1
181,3220855,0.53,0.14,206,56,156,29,41,3
182,6694776,0.5,0.17,223,77,163,38,44,3
183,9071877,0.48,0.18,65,25,42,9,15,3
184,8853261,0.56,0.22,90,36,39,7,17,4
185,8418840,0.54,0.18,86,28,59,7,25,5
186,4147466,0.55,0.09,97,15,66,22,10,4
187,8315185,0.46,0.24,68,35,50,10,14,1
188,2750933,0.48,0.16,187,63,148,40,40,4
189,7353490,0.58,0.25,95,40,34,1,5,2
190,4976530,0.53,0.07,81,10,69,9,37,1
191,4972689,0.53,0.12,146,34,108,23,28,2
192,1894685,0.54,0.2,260,96,160,34,45,3
193,7982890,0.54,0.13,279,66,221,45,65,0
194,8666657,0.44,0.19,66,29,58,20,28,1
195,1407699,0.52,0.25,82,40,46,14,18,2
196,2704689,0.42,0.22,45,23,36,8,12,1
197,9023961,0.48,0.12,153,38,135,26,55,6
198,4952514,0.52,0.21,92,37,52,20,18,4
199,8446262,0.56,0.22,90,36,46,8,4,4
200,6516673,0.48,0.27,76,43,44,9,12,3
201,7558865,0.38,0.2,100,52,110,39,57,5
202,2522338,0.46,0.16,128,45,126,43,75,0
203,5379639,0.5,0.19,74,28,50,18,22,3
204,6030204,0.5,0.17,218,72,189,53,80,5
205,2016485,0.6,0.18,159,49,63,16,16,3
206,9884507,0.49,0.21,85,36,48,22,20,4
207,4815516,0.56,0.13,148,34,89,12,18,2
208,8755283,0.55,0.15,105,28,60,13,7,0
209,6273263,0.53,0.15,77,22,59,8,22,2
210,1448949,0.46,0.19,130,54,80,14,26,5
211,3164463,0.5,0.27,98,53,47,17,4,1
212,9937414,0.58,0.08,42,6,25,5,21,3
213,2843591,0.49,0.19,208,80,149,54,44,2
214,5924733,0.5,0.16,84,27,61,20,4,3
215,7262334,0.48,0.16,229,74,200,51,58,6
216,5668707,0.53,0.27,97,49,36,13,4,3
217,7433591,0.49,0.18,225,85,180,46,61,4
218,9112338,0.47,0.18,226,85,186,45,72,8
219,5118107,0.47,0.12,88,23,80,28,19,0
220,5224335,0.52,0.17,265,84,169,60,47,6
221,7962633,0.51,0.18,83,30,58,12,16,5
222,3450789,0.52,0.15,78,22,56,12,18,5
223,2585237,0.48,0.19,84,33,55,18,16,2
224,1314299,0.49,0.19,240,95,176,44,65,8
225,4813424,0.55,0.12,338,73,225,38,93,5
226,9214883,0.57,0.24,95,40,47,12,11,3
227,5478670,0.56,0.22,97,39,40,10,24,3
228,5743244,0.59,0.12,104,21,53,13,2,4
229,7222957,0.56,0.13,159,36,106,15,24,0
230,1551661,0.52,0.21,69,28,52,13,28,2
231,2590176,0.48,0.22,70,32,54,18,16,1
232,4271787,0.49,0.17,118,41,101,40,36,3
233,4182188,0.43,0.16,217,82,229,63,118,6
234,4979848,0.54,0.15,144,39,94,24,32,3
235,7402210,0.51,0.19,53,20,36,2,6,1
236,9482349,0.63,0.22,101,35,42,13,10,0
237,1728018,0.5,0.15,73,22,65,10,20,3
238,4843680,0.5,0.19,180,70,113,28,31,6
239,7043615,0.45,0.21,80,38,65,17,10,0
240,6772835,0.5,0.18,235,86,203,43,79,8
241,6490186,0.51,0.2,89,35,60,17,18,2
242,1330268,0.45,0.22,133,66,124,37,53,6
243,1490767,0.52,0.21,83,33,47,8,20,2
244,5000157,0.5,0.13,82,22,61,19,14,0
245,8005789,0.51,0.17,60,20,51,6,17,4
246,7392962,0.54,0.13,117,29,94,13,36,7
247,5408473,0.51,0.21,70,29,61,9,9,2
248,8897043,0.55,0.17,120,37,80,34,12,1
249,1517379,0.54,0.22,86,35,47,15,10,2
250,8279775,0.47,0.16,145,49,99,36,25,9
251,5703445,0.5,0.18,66,24,39,9,7,2
252,3627745,0.54,0.14,86,22,49,9,10,7
253,6085483,0.39,0.2,46,24,56,23,22,0
254,3880204,0.55,0.14,138,34,93,15,16,2
255,5924692,0.47,0.21,303,138,243,46,56,8
256,9384258,0.45,0.18,85,33,85,22,32,1
257,6501086,0.48,0.15,163,51,132,22,14,12
258,9556590,0.54,0.19,82,29,50,11,7,2
259,1698113,0.54,0.16,281,82,170,49,39,14
260,7713827,0.54,0.21,123,48,66,9,5,2
261,1751547,0.49,0.19,171,67,135,40,33,4
262,4310879,0.49,0.19,86,33,56,11,9,3
263,1717864,0.49,0.16,194,63,159,34,50,2
264,3989365,0.5,0.18,269,97,190,65,52,13
265,9766296,0.45,0.12,73,19,74,22,15,2
266,2072607,0.54,0.16,160,48,106,29,39,6
267,3656364,0.49,0.19,152,58,124,35,35,3
268,7734440,0.52,0.17,334,109,204,51,48,8
269,3053078,0.55,0.16,90,27,58,13,8,2
270,3994270,0.49,0.18,96,36,84,18,28,2
271,7504855,0.6,0.12,61,12,44,11,8,5
272,4035688,0.57,0.11,148,29,76,18,30,1
273,3237155,0.51,0.18,81,29,55,17,22,1
274,5376865,0.56,0.21,83,32,33,5,22,1
275,6712749,0.52,0.21,253,101,171,48,66,6
276,9224902,0.39,0.17,54,23,74,26,23,0
277,9116967,0.47,0.2,208,88,168,56,52,10
278,7909631,0.57,0.14,265,65,166,20,45,4
279,1373018,0.49,0.15,252,79,217,58,99,16
280,8682724,0.51,0.22,83,36,61,10,23,2
281,6512312,0.43,0.22,75,38,62,25,24,5
282,5571742,0.52,0.16,85,27,63,16,17,2
283,9802455,0.56,0.18,255,81,146,49,46,4
284,9083783,0.5,0.19,225,87,156,39,51,20
285,1322251,0.49,0.14,202,58,168,62,85,10
286,5741008,0.42,0.19,38,17,40,13,16,0
287,6109118,0.46,0.18,68,26,62,28,43,4
288,3340419,0.47,0.25,49,26,41,11,16,0
289,7141055,0.43,0.14,75,25,72,16,33,4
290,1574835,0.55,0.12,42,9,28,2,14,2
291,9349081,0.38,0.09,61,15,90,22,58,2
292,8353632,0.31,0.26,12,10,15,8,13,0
293,8482954,0.55,0.18,28,9,25,5,10,0
294,4209287,0.52,0.06,26,3,22,4,5,0
295,2145165,0.5,0.09,72,13,69,20,20,4
296,1303286,0.48,0.12,75,18,62,14,25,2
297,6725580,0.51,0.22,66,28,33,2,6,3
298,5278532,0.53,0.09,92,16,91,25,44,2
299,6165087,0.52,0.13,90,22,73,17,34,2
300,5046676,0.5,0.06,83,10,83,20,54,5
301,7199735,0.39,0.22,20,11,22,3,13,0
302,6613608,0.49,0.18,69,26,57,22,24,1
303,4344223,0.58,0.17,85,25,66,17,27,0
304,1920718,0.52,0.16,16,5,16,7,6,0
305,4680158,0.41,0.19,65,30,80,18,22,1
306,7915843,0.44,0.25,27,15,25,7,16,3
307,5229676,0.46,0.1,72,15,78,13,39,0
308,6034386,0.39,0.2,25,13,27,3,22,6
309,5746136,0.51,0.12,34,8,27,2,18,0
310,2768053,0.44,0.06,90,12,107,25,53,1
311,9853341,0.51,0.17,44,15,42,15,21,2
312,8859758,0.56,0.21,83,31,50,15,14,2
313,6784474,0.24,0.12,12,6,31,2,14,19
314,2705071,0.4,0.23,21,12,29,7,12,0
315,1211883,0.29,0.33,14,16,26,13,22,0
316,5619071,0.49,0.1,30,6,28,1,17,1
317,9194737,0.61,0.15,25,6,19,6,12,1
318,5085303,0.61,0.11,34,6,29,0,23,0
319,1836371,0.48,0.07,76,11,89,13,40,2
320,9748136,0.6,0.04,30,2,17,4,26,0
321,4830266,0.48,0.14,21,6,19,4,7,1
322,6420887,0.53,0.05,76,7,75,13,24,0
323,7043090,0.55,0.12,33,7,32,5,15,2
324,7517580,0.53,0.26,20,10,25,4,10,0
325,2055720,0.44,0.12,18,5,26,8,11,2
326,2827742,0.51,0.09,83,15,75,19,38,4
327,7700044,0.54,0.16,38,11,25,6,15,0
328,4141045,0.4,0.12,58,17,75,19,34,3
329,1764194,0.45,0.17,24,9,24,5,8,1
330,4011818,0.37,0.26,13,9,16,7,9,0
331,6544568,0.42,0.06,67,9,91,13,42,0
332,8703478,0.49,0.16,82,27,65,20,34,2
333,7772912,0.51,0.09,85,15,82,15,49,0
334,6594347,0.48,0.08,62,10,72,10,37,1
335,7734508,0.45,0.0,21,0,34,3,25,0
336,5757897,0.42,0.15,61,22,68,11,38,5
337,7015066,0.55,0.11,41,8,30,1,20,0
338,6795690,0.47,0.15,71,23,99,19,33,0
339,6978973,0.52,0.11,76,16,78,12,34,0
340,1826134,0.44,0.14,71,22,83,24,41,5
341,4038783,0.5,0.13,23,6,22,9,8,0
342,8847841,0.58,0.12,33,7,20,1,13,0
343,5320204,0.44,0.13,20,6,27,6,14,0
344,3094559,0.44,0.1,74,17,70,12,25,4
345,9127923,0.53,0.11,29,6,26,5,10,0
346,7503086,0.49,0.09,26,5,27,11,9,0
347,4255536,0.42,0.13,25,8,29,2,18,4
348,3085238,0.43,0.11,71,18,77,13,32,4
349,9340048,0.47,0.16,77,26,66,13,28,7
350,1362547,0.52,0.22,28,12,29,3,9,2
351,4271471,0.55,0.1,90,16,77,11,28,1
352,1271391,0.43,0.17,38,15,26,18,7,1
353,5853336,0.62,0.11,53,9,23,4,11,2
354,8490902,0.54,0.15,82,23,73,20,26,2
355,7761483,0.4,0.17,14,6,20,5,4,0
356,6063000,0.51,0.14,18,5,23,4,6,0
357,3179538,0.46,0.07,27,4,28,5,20,0
358,1757474,0.56,0.16,101,29,56,10,22,1
359,2468613,0.49,0.11,73,16,68,16,29,2
360,8160495,0.43,0.18,70,29,71,20,27,4
361,5858471,0.58,0.27,52,24,19,5,6,0
362,8596200,0.38,0.13,62,22,92,34,39,2
363,5922938,0.39,0.17,63,28,75,19,34,3
364,1706743,0.51,0.13,24,6,23,6,11,2
365,9202692,0.47,0.14,75,22,77,20,22,1
366,9785765,0.48,0.07,67,10,74,17,30,3
367,4033930,0.45,0.09,80,16,70,29,21,6
368,4417303,0.55,0.16,28,8,18,1,18,0
369,6149409,0.46,0.06,71,9,78,15,37,1
370,7656247,0.45,0.13,32,9,29,3,25,0
371,3072074,0.57,0.14,24,6,20,1,5,0
372,9138092,0.38,0.07,23,4,35,8,32,2
373,6802508,0.47,0.14,72,21,76,21,46,1
374,2394118,0.58,0.08,35,5,19,3,22,0
375,8580096,0.45,0.22,75,36,76,15,28,3
376,3428346,0.39,0.18,15,7,20,9,12,0
377,8967215,0.45,0.25,66,37,76,28,54,0
378,8675887,0.5,0.09,72,13,82,17,45,2
379,4376372,0.49,0.08,89,15,88,22,55,1
380,4002871,0.6,0.11,28,5,18,2,13,0
381,7135126,0.46,0.11,28,7,24,1,15,1
382,4783159,0.43,0.19,70,30,73,20,30,1
383,8535407,0.72,0.18,67,17,28,4,2,1
384,9816656,0.54,0.11,78,16,64,16,40,3
385,5787109,0.41,0.03,27,2,44,3,14,1
386,5664428,0.46,0.14,91,27,86,11,31,3
387,4902650,0.48,0.15,75,24,66,19,23,1
388,8691120,0.56,0.09,94,15,57,21,25,2
389,9486520,0.51,0.15,82,25,88,21,40,3
390,5849639,0.41,0.12,66,20,75,20,25,3
391,3582679,0.46,0.15,24,8,21,4,13,3
392,1163193,0.55,0.02,36,1,23,7,12,4
393,9461407,0.46,0.11,77,18,66,19,29,6
394,8674808,0.5,0.19,18,7,15,7,9,0
395,4682589,0.39,0.14,56,20,79,27,42,1
396,7492342,0.5,0.16,312,102,262,63,98,6
397,4051484,0.44,0.15,66,22,86,25,42,0
398,9835391,0.49,0.18,67,25,60,14,40,0
399,7949584,0.45,0.14,96,29,100,18,58,4
400,1372876,0.43,0.13,57,17,78,26,45,2
401,5755231,0.43,0.08,79,15,88,22,37,5
402,2502632,0.56,0.18,78,25,46,13,16,0
403,7735789,0.45,0.17,30,11,28,6,12,0
404,6491057,0.47,0.17,71,25,72,23,24,5
405,3249456,0.45,0.14,19,6,32,8,13,0
406,8628406,0.43,0.14,80,25,86,28,31,4
407,3314316,0.56,0.08,28,4,17,3,12,0
408,9537476,0.46,0.11,67,16,70,9,49,3
409,5088285,0.22,0.08,13,5,37,15,28,0
410,4990837,0.46,0.22,77,36,65,15,30,2
411,7778822,0.45,0.12,86,23,83,23,27,3
412,2379055,0.53,0.12,89,20,77,19,40,3
413,7198838,0.48,0.1,74,15,81,22,39,2
414,9115851,0.49,0.08,26,4,21,0,17,4
415,9632957,0.7,0.1,44,6,22,4,10,0
416,1322417,0.5,0.11,61,13,61,7,27,1
417,9268630,0.48,0.15,68,22,71,14,39,2
418,8223491,0.44,0.16,63,23,70,14,26,0
419,7568247,0.5,0.14,73,20,74,23,29,1
420,4539220,0.47,0.07,70,10,77,17,49,2
421,1021615,0.67,0.13,41,8,20,3,3,2
422,7807816,0.47,0.13,82,23,63,18,23,2
423,6000494,0.46,0.14,75,22,76,22,21,4
424,3129710,0.52,0.06,33,4,24,4,17,0
425,3542650,0.49,0.19,21,8,19,3,7,0
426,3898368,0.51,0.18,20,7,17,7,7,1
427,1471460,0.37,0.23,58,36,81,12,28,0
428,6786040,0.42,0.1,69,17,76,19,32,10
429,3895720,0.47,0.18,24,9,24,6,7,0
430,5192307,0.47,0.06,25,3,27,8,20,2
431,6839485,0.48,0.17,14,5,11,6,3,0
432,9977837,0.4,0.1,62,16,86,27,60,1
433,1353241,0.42,0.08,72,13,90,20,38,3
434,1616371,0.47,0.15,78,24,70,23,18,4
435,9727697,0.56,0.14,43,11,38,9,8,2
436,7910781,0.45,0.14,66,20,79,14,28,1
437,1121544,0.44,0.19,19,8,22,9,10,0
438,2369020,0.48,0.13,22,6,27,7,11,1
439,8522625,0.51,0.23,33,15,25,8,10,1
440,5131997,0.4,0.22,26,14,38,10,22,0
441,3470127,0.46,0.08,23,4,29,5,29,0
442,1155699,0.52,0.17,24,8,21,6,6,0
443,5395465,0.43,0.12,70,19,82,21,30,1
444,5829437,0.53,0.07,30,4,27,3,22,0
445,9996177,0.41,0.12,68,20,88,26,29,5
446,9906323,0.44,0.2,18,8,20,5,8,0
447,7346810,0.44,0.19,24,10,27,0,9,1
448,8505422,0.43,0.13,80,24,90,17,46,0
449,6997653,0.39,0.11,61,17,90,16,51,3
450,7186726,0.4,0.12,23,7,28,5,17,3
451,5292075,0.58,0.13,22,5,22,7,8,0
452,2121316,0.43,0.16,19,7,25,6,10,0
453,5949099,0.38,0.07,21,4,41,3,30,0
454,5931900,0.39,0.07,59,10,79,20,39,4
455,3538683,0.54,0.22,32,13,23,7,18,0
456,9617311,0.42,0.04,59,6,85,18,47,5
457,2831727,0.43,0.19,65,29,86,16,15,0
458,7702497,0.41,0.22,17,9,22,11,6,1
459,2154710,0.51,0.22,64,28,49,10,23,0
460,5521509,0.47,0.13,73,21,75,22,34,1
461,7261974,0.42,0.19,13,6,18,8,9,0
462,7313000,0.47,0.12,35,9,30,6,17,0
463,8277976,0.51,0.15,20,6,15,10,4,0
464,2722389,0.45,0.15,75,25,66,21,26,4
465,5117528,0.37,0.1,60,17,87,28,33,4
466,4290196,0.47,0.17,65,23,82,22,43,1
467,3437202,0.43,0.11,73,18,91,19,44,1
468,1523058,0.51,0.11,74,16,71,13,31,1
469,8500220,0.38,0.36,21,20,31,8,13,6
470,7531614,0.54,0.11,35,7,29,4,10,6
471,4061228,0.44,0.11,78,19,84,22,35,2
472,5194513,0.38,0.27,14,10,16,8,3,0
473,7211716,0.61,0.08,37,5,22,2,13,0
474,9122350,0.46,0.15,79,25,69,15,25,5
475,7664958,0.41,0.06,58,9,79,19,41,1
476,2847118,0.41,0.06,64,9,91,24,42,0
477,3384100,0.45,0.11,68,17,79,7,39,4
478,7458399,0.47,0.15,79,26,71,27,38,1
479,3260853,0.41,0.13,61,19,69,21,28,0
480,4233432,0.38,0.23,25,15,25,7,21,0
481,1986457,0.52,0.17,36,12,29,5,25,0
482,4858403,0.4,0.12,62,19,77,23,25,5
483,5835684,0.53,0.1,83,16,74,22,33,2
484,1380796,0.48,0.27,16,9,15,5,6,0
485,3081370,0.36,0.1,56,15,89,22,37,8
486,5140601,0.43,0.15,62,21,75,15,38,0
487,9218262,0.52,0.16,74,23,59,13,26,2
488,3190061,0.41,0.27,15,10,19,9,6,0
489,4039670,0.36,0.07,58,12,104,20,58,2
490,3360565,0.42,0.23,22,12,24,8,16,0
491,4790816,0.43,0.07,66,11,76,18,43,5
492,8963059,0.43,0.15,78,28,92,29,50,1
493,5070862,0.56,0.12,86,19,63,14,14,4
494,7155854,0.52,0.16,90,28,64,25,21,5
495,2658769,0.49,0.29,44,26,32,13,14,2
496,7571784,0.49,0.15,74,23,65,16,33,5
497,9106903,0.49,0.21,73,31,68,21,37,3
498,1010734,0.5,0.08,82,14,81,17,58,2
499,8669212,0.42,0.11,68,18,80,18,30,2
500,7822600,0.42,0.14,65,22,79,22,43,5
501,6812816,0.55,0.15,77,21,65,20,20,1
502,7457262,0.4,0.14,64,23,79,23,32,2
503,8699342,0.36,0.06,58,10,106,23,46,1
504,6835356,0.59,0.13,93,20,63,20,23,0
505,6376700,0.46,0.19,73,31,89,13,25,5
506,8612444,0.46,0.12,72,19,88,16,50,2
507,4958370,0.55,0.05,30,3,15,3,16,1
508,4058895,0.44,0.17,74,28,72,27,20,0
509,3607479,0.59,0.11,26,5,21,5,19,0
510,2535188,0.43,0.15,76,27,99,23,49,1
511,3223734,0.5,0.12,17,4,17,6,10,0
512,4212467,0.55,0.14,28,7,18,2,20,0
513,2983195,0.57,0.11,30,6,20,1,16,0
514,3478093,0.57,0.17,26,8,26,2,12,1
515,1669843,0.49,0.14,21,6,22,5,11,0
516,7825903,0.36,0.1,51,14,90,15,57,2
517,2920117,0.46,0.22,74,36,54,20,21,1
518,7302573,0.44,0.13,78,23,84,19,29,2
519,5058978,0.4,0.08,63,13,83,28,35,0
520,5776029,0.47,0.23,25,12,34,10,8,0
521,3906207,0.54,0.11,35,7,31,3,21,0
522,6108540,0.5,0.11,33,7,24,7,20,2
523,7555563,0.53,0.26,57,28,37,9,16,2
524,8213911,0.5,0.15,73,22,61,14,28,0
525,3218034,0.4,0.21,64,34,69,26,30,4
526,6687882,0.5,0.2,79,32,66,19,23,4
527,7758662,0.46,0.2,70,30,84,30,28,2
528,9458550,0.56,0.21,37,14,33,5,9,1
529,1479552,0.45,0.08,78,14,86,20,28,7
530,8275769,0.38,0.16,65,28,83,26,30,1
531,1733852,0.4,0.15,66,25,72,20,30,3
532,2655171,0.44,0.17,79,30,105,21,58,1
533,7928283,0.43,0.26,40,24,38,11,16,1
534,8359690,0.47,0.23,74,37,66,40,23,2
535,6456828,0.42,0.16,13,5,18,3,6,0
536,1946777,0.45,0.14,71,22,68,28,31,1
537,9763880,0.33,0.3,14,13,23,7,5,1
538,3340606,0.53,0.09,29,5,22,2,14,5
539,1702478,0.46,0.19,68,28,60,19,32,1
540,7575790,0.53,0.13,25,6,23,8,10,0
541,2176811,0.54,0.2,51,19,31,7,16,6
542,1657168,0.53,0.14,58,15,39,5,11,1
543,2176790,0.53,0.24,20,9,20,2,8,0
544,2401939,0.66,0.04,37,2,24,3,15,0
545,9469139,0.35,0.1,50,15,82,28,54,1
546,4733551,0.52,0.13,71,18,68,10,54,3
547,6731532,0.42,0.15,63,22,75,26,30,1
548,1007680,0.45,0.13,75,21,72,19,29,6
549,4356460,0.51,0.18,46,16,27,6,8,3
550,9180225,0.62,0.11,39,7,18,1,10,0
551,3716085,0.45,0.19,70,29,67,18,29,0
552,1269962,0.54,0.12,50,11,37,10,13,0
553,6065607,0.59,0.24,50,20,27,11,8,0
554,4858213,0.46,0.13,65,18,65,30,35,3
555,4573661,0.46,0.23,43,21,39,6,14,0
556,2375272,0.58,0.07,32,4,23,2,9,0
557,7516300,0.36,0.16,52,24,71,21,41,3
558,6015910,0.49,0.15,143,44,118,23,30,1
559,7774403,0.53,0.18,252,85,154,20,27,4
560,3925884,0.48,0.2,364,150,274,55,67,2
561,9847931,0.48,0.17,375,132,310,83,96,5
562,4172068,0.5,0.17,231,79,182,58,39,9
563,6752908,0.48,0.19,104,40,98,32,43,0
564,4282868,0.55,0.16,263,79,139,38,36,4
565,9853377,0.53,0.17,392,129,235,34,58,5
566,5323605,0.47,0.17,203,75,156,44,17,3
567,1630492,0.57,0.2,75,26,39,9,11,1
568,1480433,0.47,0.2,162,67,144,33,51,1
569,4867964,0.54,0.09,75,13,43,11,2,1
570,7628692,0.49,0.2,355,144,217,63,41,9
571,7946882,0.57,0.17,98,30,55,16,14,1
572,5535144,0.51,0.18,162,58,110,21,32,1
573,7087250,0.48,0.26,172,94,106,20,13,6
574,5056891,0.52,0.2,262,98,139,57,53,2
575,7706534,0.38,0.35,57,53,35,19,6,21
576,6659098,0.53,0.16,345,103,239,45,36,7
577,3558122,0.49,0.15,150,47,118,33,27,2
578,6481734,0.48,0.15,247,76,203,62,46,8
579,6159892,0.52,0.17,287,95,163,59,43,6
580,4506587,0.48,0.21,102,45,64,14,13,0
581,5506572,0.57,0.17,252,75,124,23,36,2
582,5644633,0.48,0.19,188,73,120,37,26,20
583,4035775,0.52,0.21,139,56,67,9,23,11
584,9842296,0.52,0.15,81,23,57,20,15,0
585,2544566,0.45,0.15,228,78,200,74,74,3
586,3188086,0.54,0.15,88,24,66,12,30,2
587,3467058,0.52,0.12,176,41,138,32,23,5
588,6924204,0.47,0.17,152,54,131,27,15,2
589,1758768,0.52,0.19,107,38,75,22,4,11
590,2746531,0.47,0.18,240,93,197,43,44,5
591,9425482,0.52,0.22,272,117,138,48,25,6
592,5994093,0.44,0.24,93,51,74,24,10,0
593,3468364,0.49,0.17,238,83,182,46,54,5
594,6632346,0.57,0.15,82,22,54,5,9,1
595,2018829,0.51,0.22,287,123,153,67,25,4
596,6334384,0.52,0.19,273,99,177,39,34,13
597,6520769,0.44,0.24,156,86,111,32,22,0
598,7991093,0.49,0.17,263,88,198,53,56,5
599,3044448,0.57,0.17,154,46,79,31,25,5
600,6476873,0.53,0.24,116,53,61,8,17,4
601,9332951,0.56,0.14,100,25,60,6,16,3
602,2389984,0.52,0.18,256,90,142,44,34,3
603,1340538,0.54,0.21,191,74,106,24,27,2
604,2160105,0.5,0.16,264,82,201,55,65,1
605,6852081,0.57,0.22,229,88,95,22,16,4
606,8295173,0.47,0.19,82,33,70,6,15,1
607,2439453,0.54,0.2,365,134,188,31,78,3
608,6395953,0.45,0.18,192,76,142,51,36,8
609,4699528,0.56,0.23,94,39,35,6,1,8
610,1635524,0.55,0.13,122,28,72,7,16,3
611,7708674,0.48,0.19,250,101,203,33,34,6
612,6948105,0.48,0.21,171,73,110,11,16,5
613,2066319,0.44,0.23,201,106,157,69,67,8
614,1881077,0.52,0.21,183,75,106,26,33,4
615,8695247,0.53,0.2,125,47,73,24,19,3
616,9447515,0.47,0.2,139,59,84,34,21,4
617,5208352,0.55,0.18,90,29,44,10,17,4
618,7848385,0.53,0.2,156,59,78,8,10,5
619,4288041,0.47,0.18,243,94,200,70,67,9
620,3968263,0.47,0.27,180,102,123,41,50,4
621,1322207,0.51,0.13,235,61,183,28,54,13
622,4932623,0.51,0.17,476,159,333,75,81,9
623,7738314,0.5,0.16,207,68,143,33,37,8
624,2621959,0.48,0.18,191,70,136,30,47,4
625,4992488,0.51,0.17,161,52,104,16,20,0
626,4760770,0.56,0.14,170,44,102,14,21,2
627,7738586,0.57,0.15,210,55,106,30,25,2
628,1372146,0.5,0.18,193,68,125,32,22,6
629,7835912,0.48,0.22,195,88,135,26,27,4
630,3019763,0.53,0.19,249,87,146,24,31,9
631,2505265,0.5,0.19,273,103,197,59,44,5
632,6626958,0.52,0.19,225,83,146,39,41,10
633,1316145,0.47,0.16,47,16,39,6,10,0
634,6739793,0.51,0.18,83,30,57,8,29,2
635,2276481,0.48,0.23,59,28,32,10,10,1
636,2912525,0.47,0.22,156,73,97,32,24,5
637,2424690,0.46,0.21,276,127,183,59,43,10
638,5658610,0.52,0.18,385,130,240,52,64,4
639,6620596,0.52,0.18,420,144,278,52,50,2
640,8989225,0.52,0.2,243,93,149,23,39,14
641,7168635,0.51,0.18,226,81,152,24,38,5
642,6873908,0.51,0.17,172,58,114,24,25,3
643,6089811,0.47,0.21,229,105,183,34,67,3
644,8432403,0.5,0.19,228,84,135,50,29,6
645,1894503,0.5,0.21,260,110,171,34,64,3
646,6120448,0.52,0.21,212,86,135,29,22,8
647,6014558,0.49,0.2,258,107,206,36,57,4
648,1579561,0.49,0.22,209,95,129,32,22,5
649,3414364,0.52,0.15,163,46,102,38,52,6
650,5041520,0.48,0.19,85,34,61,14,22,1
651,9564538,0.57,0.18,194,60,71,28,10,1
652,4345982,0.49,0.17,237,83,172,47,39,5
653,6352973,0.53,0.17,149,49,79,20,22,4
654,6793132,0.46,0.24,151,80,128,86,56,0
655,5005805,0.53,0.12,157,37,104,19,12,8
656,2021188,0.55,0.23,117,49,78,10,24,0
657,8985617,0.48,0.17,197,70,165,27,61,1
658,1832046,0.47,0.18,213,83,175,42,64,9
659,4454315,0.48,0.19,157,62,116,17,29,2
660,6391821,0.53,0.2,194,75,105,26,23,4
661,2262322,0.52,0.22,107,45,63,15,16,2
662,5212416,0.51,0.19,143,52,73,26,8,6
663,6776454,0.47,0.2,181,77,179,34,61,2
664,8249058,0.54,0.2,115,42,72,23,12,1
665,5721550,0.56,0.17,102,31,55,4,13,3
666,3496118,0.54,0.13,183,44,124,29,29,1
667,7818396,0.48,0.21,170,75,111,36,45,1
668,4203998,0.48,0.22,220,101,165,38,34,12
669,3376853,0.54,0.2,299,108,183,40,35,4
670,1710413,0.51,0.2,187,72,120,21,24,4
671,5316202,0.54,0.22,99,41,51,12,8,3
672,6562826,0.54,0.17,381,119,240,47,45,3
673,3718664,0.48,0.17,142,50,91,23,10,6
674,8776505,0.49,0.21,81,34,56,19,32,1
675,7009449,0.52,0.23,86,38,45,8,9,3
676,8181938,0.54,0.13,132,32,78,14,21,1
677,8324930,0.46,0.19,246,100,197,63,70,3
678,8149258,0.46,0.18,222,88,173,51,57,23
679,9256128,0.51,0.18,206,72,144,37,76,8
680,2165749,0.49,0.2,294,123,215,38,51,9
681,9100737,0.53,0.2,87,33,54,14,12,6
682,6797530,0.64,0.15,105,25,47,3,5,1
683,4787351,0.52,0.13,265,66,174,42,39,5
684,3753578,0.52,0.16,120,37,82,16,31,4
685,4009471,0.51,0.18,152,55,92,37,12,6
686,1372052,0.51,0.21,83,34,53,8,10,0
687,5173730,0.5,0.19,110,43,83,11,5,2
688,4192827,0.5,0.23,79,37,51,5,5,0
689,7706274,0.51,0.13,72,19,62,8,19,1
690,7377609,0.5,0.21,304,128,165,40,20,7
691,5276884,0.49,0.19,159,62,109,24,21,11
692,3426691,0.49,0.22,186,83,125,30,23,7
693,4845783,0.49,0.14,263,73,206,69,71,8
694,5741391,0.47,0.17,198,72,198,42,59,7
695,2272714,0.54,0.2,82,30,51,8,21,2
696,7627841,0.54,0.15,71,20,55,13,34,0
697,8332605,0.47,0.17,254,91,200,65,39,3
698,6670392,0.54,0.12,73,16,54,8,18,2
699,7492561,0.5,0.19,316,120,230,47,49,9
700,5536226,0.55,0.17,231,71,140,32,33,7
701,6230273,0.5,0.17,200,69,178,28,29,4
702,9553741,0.54,0.17,186,59,127,23,18,2
703,9965161,0.47,0.24,206,107,165,54,50,3
704,4543540,0.5,0.2,171,69,145,26,47,3
705,6250874,0.47,0.17,184,68,134,53,35,8
706,1007787,0.49,0.22,49,22,53,17,20,0
707,9204868,0.49,0.22,123,55,73,34,17,4
708,3099485,0.54,0.18,135,45,64,11,17,7
709,8248415,0.54,0.17,301,94,197,48,52,2
710,9344643,0.52,0.14,246,65,196,30,64,5
711,2035291,0.51,0.14,360,99,298,41,60,12
712,8123977,0.52,0.16,229,69,162,54,51,6
713,7560768,0.52,0.19,97,36,54,10,14,0
714,9121910,0.5,0.24,34,16,35,7,12,0
715,5461140,0.46,0.2,193,85,146,36,37,5
716,9459037,0.53,0.19,179,64,87,14,10,13
717,1954997,0.44,0.2,109,51,94,29,30,2
718,8222953,0.49,0.18,217,80,138,41,29,7
719,4683653,0.52,0.19,284,105,196,41,53,2
720,5446667,0.48,0.2,354,147,237,68,51,22
721,3641937,0.49,0.23,240,111,138,54,30,5
722,5962448,0.54,0.15,198,56,144,39,33,3
723,5959892,0.52,0.21,99,40,59,10,7,0
724,1371672,0.49,0.16,290,93,211,51,50,4
725,5697754,0.49,0.21,75,32,43,11,20,2
726,9672082,0.53,0.26,77,38,33,6,4,3
727,2643029,0.49,0.2,142,59,93,28,15,7
728,5988495,0.49,0.21,283,120,193,52,33,10
729,9110413,0.48,0.21,155,67,105,33,21,2
730,8307803,0.52,0.16,231,71,157,36,37,8
731,2635829,0.55,0.15,151,42,82,17,15,4
732,3591783,0.52,0.18,159,54,90,26,22,4
733,5969269,0.46,0.19,169,69,133,34,37,1
734,7720921,0.5,0.2,226,93,153,38,23,3
735,4685983,0.49,0.17,201,71,129,15,30,6
736,2473438,0.51,0.14,254,69,208,34,49,14
737,9968673,0.56,0.19,99,34,51,8,26,0
738,3109066,0.53,0.14,206,55,155,22,60,7
739,7630659,0.47,0.24,230,119,164,36,65,8
740,3489150,0.51,0.18,259,90,171,47,84,6
741,2429042,0.53,0.2,84,32,46,6,13,2
742,5663516,0.52,0.16,264,81,198,48,78,3
743,1711081,0.43,0.21,67,32,62,12,14,1
744,8195072,0.46,0.22,120,57,74,28,25,3
745,7753159,0.5,0.19,257,96,169,49,42,7
746,6206683,0.49,0.19,153,61,126,44,42,2
747,8890289,0.54,0.19,262,94,158,29,39,4
748,8837950,0.47,0.23,230,113,168,48,27,8
749,9745603,0.48,0.19,250,100,199,31,45,2
750,3513966,0.47,0.24,228,115,159,56,41,4
751,2252181,0.51,0.16,334,107,240,77,81,6
752,3125438,0.46,0.2,216,93,185,55,48,3
753,6869495,0.47,0.21,385,169,306,74,125,5
754,8423937,0.52,0.24,84,39,51,7,18,1
755,1171858,0.46,0.14,184,55,178,43,30,2
756,8668736,0.54,0.17,231,75,128,52,29,8
757,4284260,0.53,0.2,225,86,118,34,23,1
758,7144299,0.46,0.22,170,81,108,35,24,8
759,9650108,0.5,0.19,261,98,174,26,76,4
760,9639926,0.52,0.21,141,58,89,22,33,5
761,9038148,0.46,0.14,89,28,84,23,21,0
762,1036977,0.5,0.19,400,155,258,76,85,16
763,6280308,0.5,0.22,80,36,51,13,10,1
764,1195592,0.5,0.2,95,38,85,34,14,0
765,2533748,0.57,0.2,81,28,49,8,8,2
766,4130326,0.51,0.23,236,109,130,34,20,4
767,6869816,0.58,0.14,101,24,50,10,9,4
768,8564471,0.49,0.16,245,83,185,49,64,13
769,3241320,0.49,0.15,347,104,296,74,70,5
770,1373175,0.4,0.23,142,80,118,32,33,3
771,3219885,0.51,0.2,236,91,132,34,22,13
772,5350743,0.48,0.19,106,42,84,54,30,3
773,6093961,0.49,0.18,200,72,166,40,66,5
774,6349803,0.48,0.18,150,55,106,12,18,7
775,1407733,0.49,0.21,203,88,156,30,54,2
776,9446878,0.42,0.13,64,20,78,17,34,3
777,5817064,0.53,0.21,63,25,34,7,14,1
778,3782196,0.52,0.19,185,67,113,35,26,2
779,3003446,0.52,0.15,205,60,132,34,33,2
780,2405541,0.51,0.19,279,106,163,32,32,16
781,4371748,0.49,0.2,159,64,122,38,30,4
782,8118280,0.52,0.18,187,66,146,21,34,1
783,7564539,0.54,0.24,110,48,51,9,7,4
784,7913432,0.55,0.18,65,21,49,3,9,4
785,7003465,0.55,0.15,134,37,73,14,14,9
786,1578195,0.51,0.22,203,86,127,32,24,5
787,5941821,0.43,0.18,222,92,211,54,78,7
788,3318837,0.49,0.21,197,84,145,32,26,3
789,9351620,0.43,0.2,162,75,157,41,40,14
790,9027740,0.54,0.2,204,76,131,33,39,3
791,8417681,0.42,0.26,77,47,77,16,12,2
792,2782699,0.52,0.2,258,99,171,46,19,5
793,9217224,0.53,0.16,263,79,169,41,28,16
794,3220078,0.43,0.21,143,72,113,44,39,4
795,3153226,0.57,0.17,225,66,122,27,29,0
796,9935191,0.46,0.23,80,39,59,8,7,1
797,1140108,0.56,0.21,182,68,99,16,13,7
798,1970120,0.51,0.18,60,21,36,18,15,2
799,2725306,0.53,0.16,69,21,49,8,13,0
800,7649838,0.47,0.19,72,29,58,21,28,3
801,4065153,0.49,0.22,81,36,61,10,9,3
802,1391598,0.56,0.14,80,20,59,12,31,1
803,7444585,0.47,0.17,48,17,46,20,22,1
804,5748028,0.47,0.25,67,35,61,13,26,4
805,7085072,0.55,0.18,46,15,20,7,8,3
806,4066833,0.53,0.16,49,15,34,6,17,1
807,1976361,0.51,0.13,185,47,125,30,34,10
808,1025088,0.49,0.16,108,35,74,30,19,3
809,9300261,0.52,0.23,93,41,54,11,8,4
810,5292392,0.43,0.18,320,137,305,101,148,10
811,8186305,0.51,0.22,76,32,58,5,16,3
812,2183433,0.46,0.17,159,58,127,45,44,5
813,8759777,0.46,0.15,70,22,71,14,24,0
814,4587877,0.56,0.22,87,34,50,15,14,6
815,6589106,0.44,0.16,93,34,106,21,52,1
816,2134778,0.51,0.16,407,128,289,62,79,15
817,4898034,0.46,0.26,75,43,57,18,40,4
818,1849098,0.54,0.04,30,2,25,3,8,0
819,3246181,0.49,0.09,68,13,74,23,41,0
820,9194885,0.39,0.2,44,23,66,16,20,2
821,1736851,0.47,0.14,307,95,292,89,124,6
822,4702067,0.48,0.24,108,55,54,21,12,15
823,5894543,0.55,0.14,51,13,32,1,4,1
824,4384944,0.45,0.14,52,16,65,19,30,2
825,4778462,0.52,0.25,100,47,51,10,8,4
826,9928301,0.51,0.16,90,28,55,25,4,2
827,9195722,0.49,0.15,422,133,349,89,115,6
828,2960757,0.4,0.12,31,9,32,4,25,1
829,2579158,0.54,0.14,75,20,59,7,5,1
830,7470609,0.56,0.09,54,9,37,8,18,1
831,9655215,0.51,0.15,77,23,61,21,34,2
832,1149915,0.47,0.18,368,140,300,97,68,15
833,6570391,0.52,0.14,198,53,147,30,50,7
834,5787768,0.46,0.21,84,39,65,25,14,3
835,9311313,0.49,0.11,66,15,71,17,26,2
836,2577322,0.55,0.19,95,33,43,9,7,1
837,6573289,0.53,0.21,53,21,23,11,5,4
838,6325792,0.53,0.11,195,42,143,29,35,7
839,8588189,0.48,0.18,101,37,90,25,50,3
840,4196768,0.48,0.22,78,36,66,21,18,2
841,7484485,0.59,0.15,94,24,50,13,9,2
842,5722540,0.45,0.17,79,30,69,21,13,2
843,8340656,0.48,0.2,204,86,159,52,64,9
844,1062672,0.59,0.21,92,32,39,7,26,7
845,3496830,0.52,0.18,51,18,34,6,6,2
846,6444662,0.47,0.17,212,74,168,54,48,6
847,4014373,0.48,0.14,176,51,149,24,49,2
848,8491499,0.51,0.14,85,23,67,16,27,2
849,3069515,0.48,0.12,269,67,268,58,110,7
850,9893697,0.53,0.19,86,30,53,13,17,3
851,5910889,0.46,0.17,60,22,75,15,36,0
852,7186055,0.48,0.14,309,88,238,60,108,8
853,1938123,0.54,0.14,130,33,82,23,18,4
854,7386559,0.46,0.15,78,26,73,27,20,0
855,7817560,0.51,0.13,220,55,189,29,64,4
856,5282181,0.52,0.24,86,40,43,20,7,4
857,2635181,0.48,0.21,94,40,64,17,17,3
858,7038504,0.51,0.13,83,22,67,19,24,0
859,1930941,0.49,0.18,322,122,259,73,105,7
860,1607045,0.62,0.13,114,24,57,12,3,0
861,4173154,0.43,0.16,74,27,77,21,31,5
862,2639412,0.51,0.21,84,35,68,8,20,1
863,5635337,0.46,0.16,78,28,74,10,27,4
864,2903734,0.52,0.18,285,97,230,78,95,8
865,9390953,0.57,0.23,39,16,23,2,0,0
866,2021973,0.4,0.17,62,26,73,22,32,3
867,2786951,0.49,0.1,85,18,75,17,13,4
868,1090528,0.48,0.16,73,24,63,16,33,1
869,4361719,0.45,0.14,64,20,66,24,31,2
870,9865521,0.51,0.18,106,38,79,30,38,4
871,6434356,0.44,0.18,69,28,65,17,27,2
872,5754873,0.38,0.19,76,38,93,28,47,6
873,5101300,0.59,0.13,110,24,58,9,12,3
874,5530728,0.48,0.2,77,32,68,19,16,2
875,9332582,0.45,0.2,87,39,74,18,16,3
876,2356932,0.5,0.1,70,14,80,14,32,3
877,9615161,0.53,0.2,124,47,50,8,7,10
878,8968357,0.5,0.24,87,42,56,16,15,0
879,8911818,0.48,0.14,213,62,175,37,53,3
880,4943632,0.49,0.27,77,43,52,9,24,2
881,2160714,0.49,0.16,219,73,232,64,96,4
882,2928862,0.34,0.2,65,37,80,25,32,3
883,4160747,0.57,0.13,93,21,50,19,14,2
884,8548090,0.5,0.19,162,63,167,46,65,6
885,1629201,0.47,0.18,234,87,159,60,66,7
886,5410739,0.49,0.17,80,28,59,18,19,1
887,3474873,0.54,0.18,37,12,33,5,9,2
888,6127645,0.34,0.16,17,8,22,13,16,0
889,2070370,0.47,0.21,77,34,48,17,16,7
890,9191794,0.53,0.14,143,37,100,30,43,4
891,7742258,0.56,0.17,84,25,51,11,14,5
892,6814580,0.54,0.24,74,33,42,13,11,1
893,9704354,0.55,0.21,74,29,36,6,32,0
894,5221677,0.55,0.11,36,7,25,0,16,0
895,2415609,0.63,0.09,116,16,58,13,13,1
896,5664730,0.53,0.18,103,34,61,16,11,0
897,8358211,0.52,0.23,39,17,24,6,3,0
898,7243081,0.48,0.2,77,32,62,17,12,1
899,3879229,0.53,0.18,41,14,29,5,3,3
900,3242628,0.52,0.16,99,30,77,19,11,0
901,4624800,0.49,0.17,95,33,64,8,4,2
902,5291779,0.41,0.22,35,19,43,13,26,0
903,7929576,0.45,0.09,72,14,85,16,50,2
904,7723574,0.46,0.17,71,27,72,24,34,4
905,5243947,0.41,0.13,62,20,65,25,33,4
906,6129753,0.49,0.19,184,70,164,39,50,3
907,7734580,0.48,0.16,162,54,144,40,57,6
908,5089410,0.53,0.25,86,41,46,11,29,6
909,3371487,0.52,0.19,78,29,49,15,19,0
910,5197744,0.51,0.18,73,26,58,16,18,2
911,2650800,0.65,0.0,32,0,14,2,12,0
912,9577770,0.49,0.07,58,8,75,15,31,0
913,5757762,0.48,0.16,67,22,60,22,25,0
914,1217167,0.5,0.19,81,30,50,20,28,3
915,5361201,0.5,0.08,85,14,82,15,17,1
916,7875811,0.48,0.12,350,90,314,60,99,7
917,6441739,0.47,0.17,80,29,65,21,22,2
918,6934710,0.46,0.1,72,15,77,29,37,0
919,9467838,0.53,0.23,104,46,52,20,14,2
920,2840397,0.46,0.12,66,18,81,14,45,0
921,2894458,0.56,0.11,177,34,100,34,24,7
922,6300612,0.56,0.14,85,21,63,23,18,4
923,6481370,0.56,0.12,93,20,53,18,13,0
924,4481726,0.53,0.15,90,26,68,19,15,1
925,7163606,0.42,0.14,64,22,77,14,29,3
926,9320290,0.58,0.12,102,21,63,10,23,1
927,4286992,0.5,0.21,82,34,57,23,31,1
928,8197123,0.48,0.23,80,39,64,20,19,1
929,6794653,0.61,0.02,30,1,21,3,21,0
930,6683977,0.53,0.15,89,26,71,8,7,3
931,9022297,0.52,0.21,346,142,205,40,51,6
932,5146191,0.45,0.17,74,29,65,11,24,0
933,9835373,0.5,0.17,154,52,115,47,50,0
934,6313345,0.49,0.14,37,11,27,9,3,0
935,3113910,0.53,0.05,32,3,23,3,12,0
936,7395645,0.49,0.17,172,59,168,59,65,4
937,9621241,0.53,0.13,84,21,55,15,22,2
938,7021260,0.5,0.13,75,20,71,14,30,0
939,4037495,0.52,0.15,178,52,152,26,57,2
940,4158014,0.43,0.19,90,39,82,23,34,5
941,2521927,0.45,0.3,94,63,54,14,13,3
942,9164707,0.46,0.22,27,13,19,0,16,0
943,8405339,0.48,0.18,86,33,73,10,22,2
944,1066982,0.52,0.23,86,38,45,12,10,5
945,7724324,0.49,0.1,79,17,76,16,36,1
946,4069468,0.51,0.21,79,32,59,19,18,4
947,4900461,0.49,0.19,79,30,72,22,18,1
948,3589222,0.57,0.11,90,18,65,6,14,2
949,7998176,0.48,0.21,224,99,190,43,76,5
950,5014763,0.48,0.17,89,31,87,29,33,4
951,2748223,0.49,0.15,77,23,65,14,16,0
952,8403829,0.47,0.16,87,30,73,21,12,2
953,5742128,0.54,0.2,145,55,112,45,26,2
954,2226279,0.58,0.19,98,32,45,7,8,4
955,8720731,0.49,0.16,78,25,49,12,5,0
956,9845473,0.62,0.05,38,3,26,5,19,3
957,4959007,0.48,0.19,82,32,58,19,12,4
958,5594582,0.5,0.24,73,35,53,10,10,2
959,1391923,0.56,0.2,97,34,50,16,10,3
960,7602917,0.46,0.19,198,84,217,85,99,6
961,1209688,0.5,0.16,145,47,119,46,22,1
962,8138984,0.59,0.18,93,28,47,10,8,5
963,7804064,0.55,0.19,89,31,44,9,15,4
964,1417905,0.58,0.16,89,25,56,19,12,4
965,2253940,0.54,0.25,96,44,44,16,8,3
966,8903354,0.51,0.17,163,53,87,24,15,2
967,6455194,0.51,0.16,373,115,280,82,100,11
968,4091666,0.56,0.2,88,31,47,14,19,6
969,5440349,0.54,0.14,90,23,59,18,20,1
970,1418778,0.45,0.1,69,15,70,16,16,1
971,7830557,0.52,0.12,85,20,64,22,9,0
972,1617931,0.51,0.14,87,23,57,12,13,5
973,6076003,0.46,0.16,65,22,69,16,34,0
974,1836865,0.49,0.14,283,79,224,72,70,4
975,1710083,0.48,0.23,74,36,35,16,5,4
976,7790659,0.51,0.17,27,9,23,1,18,1
977,6281601,0.48,0.17,182,63,150,47,47,17
978,7274839,0.49,0.19,102,40,72,8,12,1
979,1174094,0.49,0.15,93,29,84,19,32,5
980,2729086,0.48,0.21,96,41,89,25,35,1
981,6160375,0.56,0.15,59,16,21,7,5,7
982,3114466,0.46,0.13,64,18,68,14,31,5
983,1055659,0.57,0.21,108,40,55,8,19,5
984,4791458,0.46,0.17,77,29,66,20,22,7
985,1967860,0.53,0.15,145,41,103,21,18,0
986,1456201,0.4,0.16,62,25,78,37,38,2
987,3992628,0.5,0.19,68,26,48,19,19,0
988,3086427,0.6,0.21,67,23,22,5,4,2
989,9420246,0.5,0.15,137,40,136,27,68,5
990,6504055,0.52,0.15,74,22,62,23,21,1
991,7261356,0.49,0.08,29,5,27,11,14,3
992,9648342,0.55,0.16,103,30,62,19,20,2
993,6638039,0.53,0.11,33,7,29,2,19,0
994,4256671,0.54,0.21,88,34,53,10,21,4
995,3401430,0.5,0.18,155,55,83,21,25,12
996,3651087,0.59,0.15,92,24,50,10,9,0
997,2466843,0.44,0.15,66,22,69,22,29,4
998,2159111,0.52,0.18,91,31,52,19,8,2
999,1089382,0.55,0.24,90,40,47,12,6,4
1000,9031636,0.65,0.14,82,18,35,8,9,1
1001,4785195,0.5,0.12,84,20,71,10,21,1
1002,9714314,0.42,0.16,63,24,70,27,25,0
1003,8414317,0.51,0.19,92,34,54,15,17,3
1004,6761482,0.62,0.15,21,5,14,9,6,1
1005,9481898,0.49,0.12,25,6,31,0,35,0
1006,7269160,0.46,0.17,19,7,21,4,9,1
1007,1338419,0.48,0.12,23,6,20,5,24,0
1008,1008348,0.38,0.17,23,10,30,10,22,3
1009,2288969,0.41,0.16,15,6,21,8,8,0
1010,6293261,0.46,0.2,21,9,23,9,13,0
1011,4430991,0.36,0.2,23,13,26,6,12,4
1012,1488130,0.47,0.26,9,5,8,1,3,0
1013,2000869,0.55,0.24,32,14,16,1,6,4
1014,3162150,0.5,0.16,28,9,29,4,14,0
1015,2835398,0.51,0.18,23,8,20,4,5,0
1016,6923418,0.38,0.13,20,7,38,5,28,0
1017,4362554,0.48,0.24,28,14,39,5,19,0
1018,4680014,0.6,0.08,39,5,25,2,10,1
1019,4618426,0.56,0.08,27,4,32,1,29,2
1020,8800064,0.38,0.32,14,12,23,7,5,0
1021,4854640,0.35,0.14,17,7,33,9,15,0
1022,8386416,0.42,0.09,23,5,35,10,20,4
1023,2084267,0.62,0.12,30,6,19,2,14,0
1024,4947934,0.35,0.18,6,3,15,1,8,0
1025,3968013,0.53,0.16,24,7,31,3,23,0
1026,6534472,0.52,0.12,29,7,27,15,21,3
1027,7544391,0.53,0.21,18,7,9,3,2,1
1028,7340495,0.56,0.27,42,20,25,9,22,1
1029,9504677,0.5,0.19,27,10,28,7,25,0
1030,7652202,0.7,0.07,30,3,17,3,8,0
1031,8097758,0.78,0.11,14,2,8,0,6,0
1032,9896354,0.5,0.19,26,10,23,1,19,1
1033,7471520,0.44,0.17,21,8,21,8,12,0
1034,7077221,0.46,0.11,26,6,36,3,27,0
1035,4038343,0.55,0.2,11,4,9,2,5,0
1036,3049999,0.58,0.08,14,2,7,4,3,0
1037,1527778,0.59,0.12,33,7,28,5,18,0
1038,2599347,0.58,0.08,34,5,27,4,21,0
1039,1437622,0.51,0.14,45,12,35,1,7,0
1040,5816812,0.41,0.15,17,6,26,9,6,1
1041,8077767,0.63,0.15,26,6,10,0,4,1
1042,4480134,0.54,0.17,29,9,24,8,12,2
1043,9666181,0.55,0.12,32,7,23,2,19,0
1044,1133755,0.48,0.09,28,5,34,8,12,1
1045,4589563,0.47,0.11,9,2,11,0,5,0
1046,3085246,0.38,0.08,14,3,22,7,11,0
1047,8147247,0.62,0.21,24,8,19,3,6,0
1048,2976732,0.38,0.13,20,7,26,14,23,1
1049,2731358,0.27,0.15,7,4,11,3,4,1
1050,7852956,0.45,0.13,25,7,27,5,26,0
1051,9894661,0.59,0.18,10,3,9,2,3,0
1052,1682592,0.49,0.18,32,12,30,4,15,0
1053,1890873,0.51,0.1,21,4,25,7,9,2
1054,5802121,0.46,0.11,36,9,31,6,25,1
1055,2207411,0.4,0.17,21,9,26,6,16,1
1056,3109899,0.49,0.16,21,7,22,5,9,0
1057,2489143,0.52,0.12,29,7,29,5,18,1
1058,7973255,0.61,0.1,30,5,26,2,8,0
1059,6767383,0.54,0.15,37,10,28,4,13,1
1060,3062355,0.54,0.16,34,10,20,2,15,2
1061,6178286,0.33,0.17,13,7,23,9,9,0
1062,3737765,0.39,0.13,24,8,31,8,7,3
1063,4555629,0.53,0.11,30,6,34,6,11,0
1064,2516985,0.56,0.17,43,13,21,5,9,0
1065,9504683,0.59,0.23,23,9,21,3,5,0
1066,5651811,0.44,0.22,24,12,28,5,22,0
1067,1234441,0.47,0.15,28,9,32,2,21,3
1068,2421978,0.69,0.18,38,10,6,1,0,0
1069,4607030,0.43,0.2,21,10,26,3,13,0
1070,5967668,0.43,0.04,20,2,36,10,30,0
1071,7584340,0.61,0.12,25,5,18,7,9,0
1072,4589686,0.55,0.05,32,3,23,8,19,0
1073,6392055,0.55,0.05,22,2,34,4,13,0
1074,7567225,0.47,0.21,27,12,26,3,20,0
1075,9928731,0.54,0.29,13,7,11,1,5,0
1076,4032331,0.51,0.17,18,6,19,8,3,0
1077,8186684,0.68,0.27,15,6,12,0,6,0
1078,2748946,0.41,0.14,9,3,11,3,2,0
1079,9619758,0.44,0.17,24,9,25,7,31,0
1080,4321900,0.41,0.15,19,7,40,4,9,0
1081,1141360,0.49,0.07,34,5,31,9,21,0
1082,6706177,0.55,0.13,26,6,17,2,11,0
1083,4144440,0.58,0.16,11,3,8,4,2,0
1084,5121621,0.52,0.12,13,3,13,4,4,0
1085,1488643,0.53,0.2,29,11,26,6,17,0
1086,6984041,0.56,0.19,9,3,11,4,2,0
1087,4717293,0.52,0.19,11,4,12,0,6,0
1088,2670281,0.35,0.15,7,3,10,1,2,0
1089,7585910,0.35,0.14,18,7,34,9,40,0
1090,5441438,0.43,0.17,20,8,15,3,18,0
1091,4063287,0.36,0.17,19,9,32,7,29,0
1092,4326410,0.58,0.24,19,8,17,3,7,0
1093,9243702,0.56,0.09,32,5,18,4,27,1
1094,2938161,0.6,0.04,27,2,26,4,7,1
1095,1935154,0.47,0.14,23,7,21,7,19,0
1096,9683939,0.47,0.19,32,13,27,13,14,0
1097,9590919,0.42,0.18,26,11,37,5,22,0
1098,2755240,0.47,0.1,24,5,22,4,15,0
1099,8809200,0.33,0.13,20,8,38,10,24,0
1100,4148847,0.45,0.12,15,4,18,8,8,0
1101,1215108,0.7,0.04,38,2,16,0,9,4
1102,7122721,0.35,0.1,7,2,13,2,4,1
1103,9379960,0.33,0.17,6,3,8,3,2,0
1104,2208542,0.55,0.17,16,5,7,0,1,1
1105,6059207,0.27,0.36,6,8,13,2,5,0
1106,4788733,0.65,0.02,36,1,42,3,16,1
1107,9139912,0.58,0.24,36,15,29,7,14,0
1108,8160933,0.39,0.14,19,7,27,9,14,0
1109,4791715,0.52,0.21,30,12,22,0,13,1
1110,5432821,0.42,0.16,13,5,19,4,2,0
1111,6393708,0.37,0.11,20,6,28,3,10,2
1112,6200634,0.46,0.11,21,5,40,4,31,1
1113,7053820,0.52,0.19,22,8,10,1,0,0
1114,8770428,0.63,0.21,12,4,10,1,2,0
1115,6882052,0.48,0.12,23,6,24,4,15,0
1116,4349207,0.5,0.12,26,6,22,7,11,3
1117,6988601,0.64,0.13,29,6,13,1,5,0
1118,4620068,0.37,0.12,16,5,28,10,21,0
1119,3234635,0.53,0.13,8,2,8,1,2,0
1120,5261222,0.58,0.05,34,3,23,2,20,0
1121,8997136,0.33,0.33,6,6,12,2,8,0
1122,7395097,0.43,0.29,15,10,22,7,10,1
1123,6935825,0.62,0.05,36,3,27,1,11,1
1124,5414552,0.55,0.04,28,2,35,5,38,0
1125,4659612,0.49,0.12,42,10,26,1,6,8
1126,2648931,0.42,0.18,23,10,36,11,24,0
1127,3873666,0.51,0.2,35,14,26,13,19,3
1128,9178162,0.36,0.09,8,2,12,3,1,0
1129,2732182,0.5,0.2,30,12,28,9,7,0
1130,1621788,0.43,0.19,20,9,35,8,12,0
1131,9122402,0.6,0.08,31,4,30,6,11,0
1132,2134150,0.35,0.19,18,10,35,4,28,1
1133,8363277,0.54,0.21,26,10,22,6,9,0
1134,9510383,0.52,0.2,31,12,27,6,15,0
1135,3785769,0.57,0.07,16,2,12,1,5,0
1136,9184241,0.36,0.28,17,13,28,3,21,4
1137,9517155,0.23,0.12,6,3,15,5,13,0
1138,4506193,0.36,0.05,20,3,34,3,27,0
1139,2654365,0.44,0.21,15,7,20,5,8,0
1140,6582087,0.51,0.21,32,13,19,3,28,1
1141,3534674,0.49,0.33,19,13,19,3,8,2
1142,6002190,0.54,0.18,21,7,29,2,29,0
1143,7866830,0.57,0.24,12,5,7,3,4,1
1144,6570082,0.61,0.12,31,6,11,4,5,0
1145,2606210,0.61,0.11,28,5,28,8,3,0
1146,1477556,0.6,0.19,38,12,31,5,11,0
1147,3489719,0.31,0.31,5,5,10,3,3,1
1148,2234731,0.52,0.13,24,6,23,5,27,0
1149,9764607,0.48,0.1,30,6,33,8,15,0
1150,2292542,0.56,0.28,14,7,13,3,5,0
1151,2411043,0.37,0.09,17,4,28,6,20,0
1152,3914564,0.42,0.12,10,3,14,2,3,0
1153,6409693,0.45,0.07,25,4,35,11,19,0
1154,8273781,0.45,0.16,17,6,18,3,8,0
1155,7353933,0.51,0.17,21,7,25,7,16,0
1156,9230439,0.41,0.41,21,21,23,5,10,0
1157,2562885,0.26,0.13,12,6,38,4,36,0
1158,4163426,0.52,0.04,25,2,43,3,12,0
1159,3889708,0.51,0.09,33,6,31,10,19,2
1160,7325666,0.5,0.31,8,5,9,1,4,0
1161,5877782,0.5,0.18,28,10,26,7,13,0
1162,8354907,0.56,0.12,14,3,12,0,6,0
1163,2275228,0.55,0.19,32,11,22,1,6,1
1164,7951204,0.35,0.13,8,3,17,2,12,0
1165,7334312,0.52,0.2,34,13,29,3,11,0
1166,9904708,0.38,0.24,26,16,30,3,17,0
1167,4263944,0.52,0.08,13,2,12,1,3,0
1168,9036653,0.5,0.14,25,7,25,5,25,0
1169,8223939,0.44,0.17,26,10,23,6,19,0
1170,1046654,0.71,0.36,10,5,5,1,4,0
1171,6826691,0.48,0.16,24,8,18,7,27,0
1172,3565213,0.64,0.02,34,1,20,4,10,1
1173,3372496,0.42,0.22,23,12,30,4,14,0
1174,1292006,0.43,0.23,15,8,18,7,9,0
1175,7309523,0.42,0.16,8,3,16,2,3,0
1176,4232276,0.5,0.06,8,1,11,1,5,0
1177,1030806,0.43,0.2,22,10,35,6,23,0
1178,2823933,0.44,0.17,16,6,23,6,6,0
1179,5091989,0.31,0.1,18,6,38,9,31,0
1180,9548785,0.5,0.23,24,11,15,2,11,3
1181,3848594,0.42,0.1,20,5,34,7,10,0
1182,7292457,0.5,0.18,11,4,13,3,4,0
1183,3998015,0.4,0.12,31,9,32,4,25,1
1184,9461109,0.51,0.28,39,21,24,7,8,2
1185,2229137,0.53,0.16,29,9,27,7,13,0
1186,2822578,0.59,0.1,30,5,25,5,11,0
1187,3078245,0.46,0.11,26,6,32,10,12,1
1188,9480135,0.48,0.22,11,5,6,2,3,1
1189,6773100,0.65,0.2,13,4,5,2,2,0
1190,1572842,0.53,0.0,28,0,32,6,23,0
1191,8061765,0.35,0.16,22,10,46,4,22,1
1192,4187817,0.43,0.23,19,10,20,6,9,0
1193,8060229,0.55,0.07,24,3,22,2,24,1
1194,5136568,0.66,0.02,29,1,14,1,15,1
1195,8348725,0.48,0.05,31,3,24,15,11,2
1196,7515346,0.38,0.12,6,2,11,4,4,0
1197,5404404,0.5,0.0,24,0,26,2,16,0
1198,3219791,0.54,0.24,25,11,21,12,4,1
1199,5219550,0.38,0.22,22,13,32,8,15,0
1200,5346652,0.37,0.1,22,6,35,5,32,0
1201,2403235,0.29,0.23,15,12,25,6,14,5
1202,2739844,0.61,0.11,11,2,6,1,3,0
1203,7264364,0.33,0.3,14,13,20,9,8,1
1204,6518105,0.53,0.21,28,11,25,0,17,1
1205,3667112,0.58,0.08,28,4,26,6,25,0
1206,5569050,0.58,0.22,53,20,21,3,4,6
1207,1708721,0.37,0.21,25,14,33,2,19,1
1208,1247924,0.39,0.26,9,6,10,3,3,0
1209,8455070,0.55,0.04,29,2,28,2,17,0
1210,1763556,0.49,0.14,25,7,24,4,7,3
1211,3813900,0.5,0.21,21,9,25,7,13,0
1212,9605445,0.52,0.23,33,15,23,4,8,2
1213,5827917,0.49,0.04,25,2,30,1,16,0
1214,4685434,0.48,0.25,23,12,20,5,13,0
1215,4737618,0.4,0.18,23,10,24,2,21,1
1216,9683256,0.49,0.08,30,5,37,11,10,0
1217,6553243,0.26,0.12,11,5,28,4,24,1
1218,7982256,0.5,0.0,9,0,16,1,6,0
1219,1500429,0.37,0.16,7,3,10,3,3,0
1220,7371907,0.48,0.09,16,3,23,4,8,1
1221,5180392,0.54,0.15,7,2,6,4,5,0
1222,3045570,0.4,0.14,17,6,28,1,30,0
1223,1773994,0.61,0.33,28,15,2,1,0,0
1224,5677229,0.32,0.09,7,2,15,2,6,0
1225,4105647,0.29,0.11,16,6,38,8,26,1
1226,7268150,0.57,0.17,30,9,19,1,22,2
1227,5779037,0.39,0.17,29,13,30,15,9,2
1228,3156131,0.58,0.13,35,8,21,8,17,1
1229,6106317,0.62,0.14,13,3,10,2,2,0
1230,3183134,0.46,0.25,24,13,20,6,13,0
1231,9943358,0.41,0.05,9,1,10,2,5,1
1232,4391651,0.55,0.13,26,6,25,4,3,1
1233,6300251,0.57,0.13,31,7,29,6,7,1
1234,6157790,0.47,0.18,23,9,33,8,11,7
1235,5305396,0.36,0.14,15,6,27,5,8,0
1236,7969984,0.55,0.31,41,23,25,3,16,0
1237,7127948,0.45,0.03,17,1,21,7,16,0
1238,9006064,0.46,0.2,21,9,22,15,13,1
1239,4653864,0.71,0.14,30,6,20,3,8,0
1240,5816564,0.5,0.05,10,1,15,1,6,0
1241,8675949,0.38,0.4,20,21,22,9,7,0
1242,2588976,0.52,0.09,17,3,18,4,6,0
1243,5255039,0.51,0.11,23,5,25,7,6,0
1244,1476551,0.43,0.07,19,3,23,7,13,0
1245,7984673,0.44,0.15,24,8,16,12,7,5
1246,4063572,0.5,0.16,34,11,30,7,8,1
1247,2034070,0.4,0.23,14,8,22,8,12,0
1248,9621665,0.54,0.09,36,6,29,4,12,1
1249,6599323,0.5,0.23,22,10,23,8,8,1
1250,2400451,0.52,0.14,11,3,9,2,2,1
1251,1699827,0.45,0.18,17,7,12,11,5,0
1252,8384227,0.4,0.09,26,6,28,13,10,2
1253,1911326,0.42,0.16,18,7,26,8,6,0
1254,3509690,0.5,0.25,10,5,7,8,2,1
1255,3627155,0.51,0.16,26,8,25,2,21,0
1256,1025359,0.49,0.09,75,14,74,20,37,1
1257,8901964,0.74,0.11,14,2,7,1,2,0
1258,2164135,0.52,0.24,11,5,12,2,4,0
1259,4555279,0.64,0.2,16,5,5,3,3,0
1260,3568299,0.38,0.08,19,4,32,4,24,1
1261,1038234,0.32,0.21,6,4,12,1,4,1
1262,8137074,0.34,0.19,16,9,31,7,14,0
1263,4687231,0.52,0.29,11,6,10,1,4,0
1264,5638988,0.38,0.29,16,12,26,6,5,2
1265,1066464,0.33,0.25,16,12,26,11,5,0
1266,6778451,0.58,0.08,31,4,18,7,8,0
1267,8546328,0.35,0.19,13,7,25,9,13,1
1268,3440088,0.6,0.13,9,2,11,0,4,0
1269,5643145,0.53,0.24,9,4,12,3,4,0
1270,9041910,0.52,0.12,13,3,12,1,3,0
1271,1001801,0.56,0.1,34,6,22,4,15,0
1272,8889161,0.48,0.04,26,2,30,2,33,0
1273,2222597,0.44,0.2,20,9,25,7,15,0
1274,9034569,0.52,0.19,11,4,8,0,0,0
1275,6886668,0.47,0.05,19,2,40,3,28,0
1276,2945268,0.49,0.32,32,21,18,2,14,7
1277,7955893,0.43,0.26,10,6,15,4,5,0
1278,4915066,0.3,0.25,20,17,33,10,15,0
1279,8830631,0.38,0.16,22,9,27,1,21,0
1280,3411797,0.41,0.0,11,0,16,2,6,0
1281,8996796,0.53,0.15,21,6,21,7,10,0
1282,8572998,0.57,0.12,32,7,21,5,10,2
1283,4959111,0.47,0.22,21,10,27,3,11,0
1284,5643492,0.64,0.09,28,4,16,5,10,0
1285,5137528,0.48,0.07,13,2,11,1,3,0
1286,5359750,0.6,0.1,24,4,22,5,8,0
1287,9369668,0.4,0.24,17,10,25,8,16,0
1288,9190363,0.37,0.04,31,3,46,6,23,2
1289,5897992,0.73,0.05,16,1,14,2,3,1
1290,3023246,0.44,0.18,24,10,28,3,14,1
1291,6777692,0.38,0.1,8,2,11,5,10,0
1292,6266720,0.5,0.21,58,24,35,3,3,3
1293,3977796,0.5,0.17,125,43,85,34,22,11
1294,5165802,0.53,0.19,130,47,75,9,12,1
1295,3406785,0.49,0.19,218,85,142,40,28,5
1296,2474862,0.44,0.26,90,54,48,16,7,4
1297,2103220,0.55,0.13,122,29,74,10,5,5
1298,6078145,0.5,0.19,177,66,124,21,25,3
1299,9973360,0.5,0.21,115,48,68,13,11,7
1300,1823232,0.51,0.26,399,206,197,54,30,6
1301,5906201,0.56,0.21,174,66,89,22,28,1
1302,3867336,0.52,0.25,237,111,130,30,34,4
1303,7772718,0.5,0.22,179,79,110,31,18,2
1304,4157050,0.45,0.23,221,114,157,49,40,4
1305,3593216,0.46,0.27,124,72,94,28,15,2
1306,7866508,0.54,0.22,270,110,132,36,23,4
1307,6614310,0.57,0.21,289,105,121,15,10,2
1308,6321299,0.54,0.18,195,66,125,39,37,2
1309,5406032,0.53,0.17,196,64,125,13,15,2
1310,7591535,0.52,0.21,156,64,95,14,14,3
1311,9925795,0.53,0.19,185,66,115,20,10,16
1312,9156326,0.58,0.17,202,59,105,29,21,6
1313,2814042,0.5,0.18,247,90,185,39,32,2
1314,3489061,0.52,0.23,157,69,81,21,12,2
1315,3012783,0.49,0.28,152,88,66,22,8,1
1316,5214189,0.48,0.2,356,149,252,40,51,6
1317,4208119,0.51,0.15,167,49,123,19,23,14
1318,4255211,0.51,0.21,300,124,179,33,36,3
1319,8767545,0.57,0.24,214,90,92,28,19,6
1320,4179792,0.47,0.18,330,124,238,44,64,16
1321,6391848,0.47,0.32,97,66,51,18,9,5
1322,9407740,0.54,0.18,253,84,152,46,24,0
1323,3606732,0.5,0.19,416,156,284,55,90,5
1324,8482948,0.48,0.22,173,79,119,38,29,5
1325,2951176,0.5,0.21,270,113,154,26,39,8
1326,2821211,0.5,0.17,161,55,112,25,17,7
1327,1094459,0.53,0.2,154,57,83,26,11,3
1328,5833580,0.49,0.16,73,24,49,18,8,1
1329,7742516,0.47,0.18,197,74,154,41,16,3
1330,6733623,0.47,0.17,84,30,61,15,8,1
1331,3355439,0.51,0.21,177,74,101,28,11,4
1332,5540466,0.49,0.18,117,44,93,25,26,4
1333,5274912,0.47,0.2,230,99,190,60,44,9
1334,5362926,0.53,0.22,180,73,111,23,19,0
1335,5965524,0.51,0.18,185,65,119,22,45,1
1336,2806295,0.53,0.18,167,55,86,17,15,2
1337,5633163,0.51,0.23,364,169,228,95,66,6
1338,3527637,0.56,0.17,141,42,70,14,23,2
1339,2544346,0.46,0.25,133,72,89,13,18,1
1340,2775857,0.56,0.17,129,39,67,17,15,1
1341,5342945,0.49,0.19,119,47,104,17,22,5
1342,3707808,0.52,0.19,158,57,84,14,21,10
1343,4050414,0.49,0.18,247,90,186,48,71,7
1344,3160291,0.54,0.15,285,77,190,41,34,4
1345,8515194,0.53,0.22,227,93,134,23,41,6
1346,2709011,0.52,0.21,163,66,78,31,13,5
1347,6341392,0.55,0.14,293,76,156,30,43,1
1348,9837777,0.57,0.2,270,96,115,21,6,3
1349,5032696,0.51,0.25,74,37,41,2,6,1
1350,6776505,0.45,0.27,236,141,138,40,28,6
1351,8924441,0.49,0.21,184,78,123,22,23,2
1352,5962494,0.49,0.26,154,83,79,18,12,0
1353,2662269,0.4,0.27,78,52,86,16,27,5
1354,5962937,0.57,0.21,261,96,112,29,28,5
1355,3086860,0.58,0.21,82,30,30,12,1,0
1356,1749615,0.54,0.18,205,70,153,28,32,2
1357,2687031,0.48,0.18,109,41,73,44,33,0
1358,5565011,0.62,0.2,37,12,16,0,0,1
1359,9941027,0.53,0.26,130,64,50,12,6,2
1360,1911587,0.56,0.2,149,52,75,20,19,0
1361,4911484,0.49,0.22,271,120,204,54,54,0
1362,7553154,0.49,0.28,135,78,69,38,16,3
1363,8118455,0.52,0.18,228,78,176,40,42,3
1364,6973580,0.44,0.23,317,164,266,68,38,15
1365,9943808,0.5,0.21,211,88,120,27,16,16
1366,5975034,0.5,0.2,85,34,46,4,5,1
1367,7957539,0.48,0.22,255,118,186,46,43,6
1368,5133708,0.46,0.18,150,59,113,50,42,3
1369,7919202,0.51,0.16,204,62,132,19,46,4
1370,5897208,0.51,0.17,288,97,205,62,37,1
1371,2331409,0.45,0.21,116,55,95,40,37,1
1372,8210474,0.5,0.19,193,74,115,32,25,1
1373,9126145,0.46,0.26,96,54,78,21,25,6
1374,6189722,0.34,0.26,62,47,71,32,18,2
1375,6782239,0.46,0.24,189,99,128,44,15,0
1376,2381149,0.43,0.25,155,92,137,36,12,11
1377,9570999,0.5,0.22,63,28,42,11,7,2
1378,8092387,0.45,0.26,103,59,75,6,9,6
1379,2139755,0.43,0.19,237,105,182,67,43,8
1380,9810386,0.49,0.21,249,109,175,62,40,2
1381,1867179,0.49,0.21,237,103,182,59,22,5
1382,1801151,0.47,0.2,162,69,107,31,28,7
1383,8976539,0.52,0.22,120,50,50,9,9,5
1384,7755429,0.52,0.22,183,77,71,17,12,0
1385,5836620,0.53,0.18,263,90,153,41,44,11
1386,3560773,0.51,0.17,145,48,104,31,29,6
1387,9776217,0.48,0.22,123,56,119,39,23,3
1388,7630373,0.5,0.26,215,110,101,33,35,1
1389,9049926,0.59,0.22,182,67,89,16,25,2
1390,7489378,0.53,0.22,142,58,76,21,22,6
1391,9802905,0.45,0.27,197,117,131,44,28,2
1392,1517356,0.55,0.14,167,42,97,12,22,5
1393,6595858,0.48,0.24,280,141,152,49,31,3
1394,1361946,0.5,0.2,213,87,139,31,35,6
1395,3607028,0.52,0.16,153,47,98,31,24,0
1396,9484187,0.48,0.2,223,94,156,50,31,5
1397,2377345,0.57,0.22,92,35,33,13,1,0
1398,1083599,0.51,0.18,232,80,171,33,41,4
1399,9522034,0.57,0.18,78,25,34,2,2,2
1400,3979371,0.46,0.2,233,103,173,61,22,4
1401,4958383,0.52,0.25,349,167,187,58,38,4
1402,4202738,0.6,0.22,100,37,40,6,3,2
1403,3804828,0.48,0.22,60,28,34,1,5,3
1404,5232353,0.55,0.16,173,49,110,17,27,3
1405,2330308,0.57,0.23,304,123,114,17,10,3
1406,6553413,0.49,0.25,78,39,47,6,3,3
1407,5618478,0.52,0.17,126,42,71,13,9,3
1408,9752892,0.55,0.18,218,71,118,26,14,5
1409,3293364,0.53,0.18,164,56,119,24,9,4
1410,8098542,0.52,0.2,242,92,135,29,31,1
1411,1451108,0.46,0.18,228,91,196,45,57,6
1412,3097876,0.5,0.17,284,98,204,57,58,2
1413,6848558,0.5,0.19,276,104,195,56,49,8
1414,5385550,0.51,0.23,83,38,55,10,11,1
1415,5156942,0.57,0.21,207,75,82,12,14,4
1416,6482922,0.5,0.16,228,73,156,37,22,11
1417,4981088,0.51,0.17,256,86,164,39,24,9
1418,9712933,0.53,0.2,150,57,90,13,4,3
1419,1994786,0.5,0.22,272,119,165,33,31,3
1420,6424281,0.57,0.22,47,18,14,2,1,0
1421,2767489,0.52,0.19,232,86,137,31,21,2
1422,9908103,0.57,0.17,256,76,130,29,41,0
1423,2816098,0.46,0.24,265,135,186,51,28,9
1424,1327137,0.51,0.18,213,73,139,31,31,6
1425,7863875,0.53,0.26,147,71,73,24,45,2
1426,2829766,0.56,0.17,310,96,155,65,47,8
1427,6694049,0.54,0.23,300,127,117,56,36,3
1428,6438955,0.51,0.17,236,77,166,25,31,4
1429,8152006,0.59,0.17,127,36,66,11,12,0
1430,7277537,0.48,0.16,189,61,146,38,42,6
1431,3748285,0.51,0.18,256,93,167,63,47,4
1432,8712771,0.52,0.16,210,63,133,20,43,1
1433,6250482,0.55,0.16,100,29,57,12,7,1
1434,5521205,0.48,0.2,232,97,171,60,59,0
1435,5446769,0.54,0.23,270,114,128,19,6,2
1436,6808331,0.47,0.24,243,123,163,36,14,3
1437,7049354,0.5,0.19,176,65,114,22,15,2
1438,8035871,0.5,0.2,321,128,187,62,79,6
1439,2186501,0.48,0.17,525,186,446,135,153,31
1440,4074218,0.44,0.24,46,25,39,7,9,0
1441,7034926,0.57,0.18,168,54,91,26,25,3
1442,6528850,0.57,0.18,222,70,100,21,20,3
1443,2124104,0.53,0.2,197,75,109,23,12,6
1444,5367533,0.54,0.27,242,123,109,30,3,2
1445,5022030,0.51,0.23,142,65,97,29,41,1
1446,2669213,0.54,0.17,138,43,84,16,15,3
1447,6120034,0.55,0.19,213,75,112,35,19,3
1448,5692686,0.51,0.17,211,69,149,25,20,1
1449,9014746,0.52,0.21,228,93,153,22,29,0
1450,4388367,0.5,0.28,90,50,46,11,8,4
1451,3389712,0.46,0.23,123,62,73,16,22,2
1452,8789643,0.47,0.21,249,112,190,51,55,3
1453,7690438,0.48,0.16,91,31,102,9,27,1
1454,8382055,0.49,0.19,286,110,202,57,25,15
1455,4109387,0.54,0.2,428,154,205,53,53,4
1456,2943952,0.52,0.23,259,113,147,28,25,3
1457,2720717,0.5,0.23,180,84,93,33,4,3
1458,1768594,0.46,0.26,56,32,32,15,10,0
1459,1655648,0.52,0.2,219,84,127,33,32,6
1460,3898757,0.52,0.19,223,83,136,37,21,6
1461,5143281,0.55,0.21,166,64,71,10,2,3
1462,1068027,0.53,0.14,173,44,120,21,43,7
1463,7457379,0.51,0.21,179,75,106,43,19,2
1464,3497499,0.53,0.2,145,55,76,10,12,11
1465,2019163,0.49,0.21,118,51,74,21,8,6
1466,6415592,0.53,0.17,294,94,182,33,37,4
1467,4350707,0.52,0.24,315,147,157,48,57,4
1468,4762888,0.6,0.16,122,32,62,16,4,0
1469,8566699,0.47,0.26,253,139,152,49,18,1
1470,8043180,0.53,0.24,133,60,59,14,24,1
1471,3028132,0.54,0.2,256,94,112,26,11,12
1472,8935264,0.48,0.18,337,126,243,65,61,12
1473,4046976,0.47,0.24,236,121,143,32,75,2
1474,7957128,0.49,0.19,215,83,147,36,29,3
1475,7070683,0.47,0.19,346,141,286,74,86,4
1476,7125240,0.51,0.16,285,89,203,60,45,5
1477,8908439,0.52,0.2,303,119,175,62,37,6
1478,5622889,0.47,0.19,165,68,121,40,22,7
1479,6602666,0.5,0.18,134,48,105,44,20,2
1480,2244336,0.52,0.26,106,54,52,13,5,1
1481,2184809,0.46,0.25,115,61,61,33,17,2
1482,3857058,0.47,0.18,157,61,112,28,33,1
1483,4627784,0.48,0.26,49,27,28,9,5,0
1484,1067828,0.5,0.21,270,112,163,57,77,4
1485,7194206,0.5,0.18,129,48,102,14,10,4
1486,4327814,0.54,0.21,250,96,139,33,9,6
1487,5125963,0.51,0.19,259,97,156,46,25,6
1488,4197714,0.48,0.17,104,38,95,21,22,4
1489,9575498,0.49,0.24,95,46,55,11,6,1
1490,8198457,0.53,0.24,172,78,75,14,14,4
1491,2860070,0.52,0.19,222,80,140,21,23,3
1492,1340869,0.54,0.21,227,86,111,25,11,5
1493,7758772,0.56,0.26,103,47,34,12,4,0
