,text_id,ttr,rttr,cttr,cefr_level
0,5068377,0.52,11.09,7.84,B2
1,1597194,0.46,11.92,8.43,B2
2,6295736,0.55,8.42,5.96,B2
3,6993046,0.54,9.14,6.47,B2
4,5788279,0.54,10.04,7.1,B2
5,1726484,0.48,8.22,5.81,B2
6,4967492,0.46,11.97,8.46,B2
7,2551007,0.48,8.3,5.87,B2
8,1333604,0.57,8.39,5.93,B2
9,8865416,0.46,14.14,10.0,B2
10,6850976,0.49,12.62,8.92,B2
11,1313640,0.54,10.7,7.57,B2
12,7902603,0.54,15.15,10.71,B2
13,1761288,0.57,9.99,7.06,B2
14,4015657,0.61,10.13,7.16,B2
15,5199285,0.46,12.62,8.92,B2
16,8486230,0.49,8.46,5.98,B2
17,5603710,0.63,10.87,7.69,B2
18,1505092,0.61,12.72,8.99,B2
19,4482856,0.6,11.27,7.97,B2
20,3877248,0.53,8.63,6.1,B2
21,3132646,0.5,8.56,6.05,B2
22,1474142,0.51,8.4,5.94,B2
23,1190794,0.51,8.96,6.34,B2
24,5540366,0.65,9.36,6.62,B2
25,9793629,0.49,12.19,8.62,B2
26,6730339,0.57,14.61,10.33,B2
27,8479778,0.55,11.37,8.04,B2
28,9244728,0.57,10.14,7.17,B2
29,6890392,0.55,9.36,6.62,B2
30,8705239,0.52,9.13,6.46,B2
31,3051030,0.52,9.03,6.39,B2
32,9528839,0.59,8.9,6.29,B2
33,8424654,0.52,9.04,6.39,B2
34,9300257,0.49,8.47,5.99,B2
35,4111943,0.58,11.0,7.78,B2
36,6381754,0.49,12.58,8.89,B2
37,9329144,0.6,9.77,6.91,B2
38,6687154,0.43,12.96,9.17,B2
39,4859264,0.47,14.52,10.27,B2
40,5310485,0.53,12.5,8.84,B2
41,4114886,0.41,6.84,4.84,B2
42,8952064,0.57,11.09,7.84,B2
43,7690782,0.59,13.06,9.23,B2
44,2404270,0.6,12.56,8.88,B2
45,1251600,0.5,7.37,5.21,B2
46,8925028,0.54,9.11,6.44,B2
47,7429540,0.51,8.65,6.11,B2
48,4179300,0.51,14.36,10.15,B2
49,3447986,0.5,20.08,14.2,B2
50,3981939,0.64,10.29,7.28,B2
51,7355696,0.55,9.49,6.71,B2
52,2313045,0.56,10.93,7.73,B2
53,5662041,0.53,9.18,6.49,B2
54,4337843,0.59,10.0,7.07,B2
55,9234427,0.54,9.25,6.54,B2
56,4084975,0.61,8.33,5.89,B2
57,4945246,0.6,14.71,10.4,B2
58,7379935,0.55,9.51,6.72,B2
59,1570488,0.61,10.6,7.5,B2
60,6155663,0.57,9.51,6.73,B2
61,1869016,0.4,12.45,8.8,B2
62,9833317,0.45,7.56,5.34,B2
63,5394752,0.54,10.2,7.21,B2
64,1203590,0.55,9.51,6.72,B2
65,3084142,0.61,12.55,8.87,B2
66,4164580,0.57,10.12,7.15,B2
67,5588748,0.53,9.23,6.53,B2
68,5033136,0.58,9.1,6.43,B2
69,1050413,0.45,15.07,10.65,B2
70,8121022,0.74,9.55,6.75,B2
71,4899536,0.54,8.82,6.24,B2
72,1522623,0.5,12.35,8.73,B2
73,3378050,0.5,11.62,8.22,B2
74,4145514,0.52,13.15,9.3,B2
75,1083787,0.58,9.97,7.05,B2
76,5215195,0.55,9.17,6.48,B2
77,9063915,0.51,9.11,6.44,B2
78,9137204,0.55,8.47,5.99,B2
79,9978851,0.49,11.53,8.15,B2
80,6424178,0.47,13.85,9.8,B2
81,1646250,0.58,8.84,6.25,B2
82,3657678,0.72,8.43,5.96,B2
83,7430329,0.56,11.56,8.18,B2
84,8848423,0.53,9.28,6.56,B2
85,3327548,0.58,8.98,6.35,B2
86,2739235,0.49,8.86,6.27,B2
87,2418994,0.53,9.15,6.47,B2
88,3249258,0.72,10.33,7.31,B2
89,2620267,0.51,11.22,7.93,B2
90,7947642,0.67,10.07,7.12,B2
91,1942396,0.58,10.06,7.12,B2
92,7800989,0.54,11.76,8.31,B2
93,2279507,0.51,14.22,10.06,B2
94,2622433,0.51,10.83,7.66,B2
95,8402434,0.5,12.62,8.92,B2
96,9115812,0.44,16.27,11.51,B2
97,8684447,0.51,14.06,9.94,B2
98,3733815,0.6,10.09,7.14,B2
99,3856543,0.57,13.24,9.36,B2
100,2245049,0.44,12.1,8.56,B2
101,7196232,0.55,14.7,10.39,B2
102,1488854,0.77,7.27,5.14,B2
103,2551504,0.53,9.2,6.5,B2
104,7625561,0.52,12.87,9.1,B2
105,7313656,0.5,12.6,8.91,B2
106,2612980,0.49,14.65,10.36,B2
107,7371547,0.56,9.35,6.61,B2
108,5193760,0.53,10.17,7.19,B2
109,7480549,0.44,11.91,8.42,B2
110,5482923,0.43,13.64,9.65,B2
111,3158393,0.58,9.55,6.75,B2
112,2582941,0.57,10.25,7.25,B2
113,6579855,0.51,13.51,9.55,B2
114,6108686,0.45,15.93,11.26,B2
115,4368863,0.6,9.22,6.52,B2
116,3948763,0.51,10.67,7.54,B2
117,4641368,0.49,14.29,10.1,B2
118,9326706,0.48,11.1,7.85,B2
119,7469272,0.5,12.34,8.72,B2
120,6510643,0.52,11.97,8.46,B2
121,8323241,0.54,9.16,6.48,B2
122,5026234,0.56,9.36,6.62,B2
123,3850678,0.45,10.91,7.71,B2
124,5107070,0.43,12.36,8.74,B2
125,9562774,0.58,8.57,6.06,B2
126,5117320,0.47,11.28,7.97,B2
127,2599166,0.46,11.58,8.19,B2
128,9115003,0.55,9.79,6.92,B2
129,3104265,0.5,14.67,10.37,B2
130,1627594,0.42,12.92,9.14,B2
131,3575696,0.49,13.59,9.61,B2
132,7272268,0.6,9.62,6.8,B2
133,9726850,0.4,13.49,9.54,B2
134,3805407,0.47,14.45,10.22,B2
135,8814014,0.67,9.09,6.43,B2
136,1579313,0.61,8.37,5.91,B2
137,5265631,0.51,8.68,6.14,B2
138,8542363,0.49,9.06,6.4,B2
139,4787627,0.57,9.76,6.9,B2
140,7045528,0.52,11.62,8.21,B2
141,3083116,0.44,10.85,7.67,B2
142,3317322,0.55,8.99,6.35,B2
143,3273170,0.44,13.73,9.71,B2
144,9996084,0.55,9.35,6.61,B2
145,6927822,0.46,14.27,10.09,B2
146,4141747,0.55,10.23,7.23,B2
147,6532226,0.48,15.62,11.05,B2
148,8909854,0.53,8.78,6.21,B2
149,4473430,0.58,12.41,8.78,B2
150,7531087,0.53,12.41,8.78,B2
151,4338518,0.56,12.22,8.64,B2
152,3762645,0.53,8.94,6.32,B2
153,2007660,0.48,11.19,7.91,B2
154,6063144,0.44,12.27,8.68,B2
155,1883775,0.56,9.74,6.89,B2
156,9878358,0.53,8.89,6.29,B2
157,1994828,0.44,14.46,10.22,B2
158,2816368,0.55,9.91,7.01,B2
159,8998289,0.49,13.7,9.69,B2
160,3120051,0.55,7.11,5.02,B2
161,6812840,0.62,14.07,9.95,B2
162,9963288,0.51,13.89,9.82,B2
163,5013527,0.52,9.17,6.48,B2
164,5160047,0.46,16.27,11.5,B2
165,4103700,0.58,10.22,7.22,B2
166,8087812,0.54,13.74,9.72,B2
167,2491856,0.44,13.43,9.5,B2
168,9646771,0.48,14.8,10.46,B2
169,7198755,0.58,9.82,6.95,B2
170,2232858,0.53,9.0,6.36,B2
171,9321858,0.6,7.68,5.43,B2
172,6507166,0.59,10.49,7.42,B2
173,9511354,0.6,8.49,6.01,B2
174,8551426,0.46,7.88,5.57,B2
175,3292580,0.45,12.16,8.6,B2
176,7027919,0.46,11.47,8.11,B2
177,4608520,0.56,9.3,6.58,B2
178,7647474,0.6,10.27,7.26,B2
179,9529553,0.61,9.82,6.95,B2
180,9743876,0.48,12.31,8.7,B2
181,3220855,0.46,12.53,8.86,B2
182,6694776,0.43,12.25,8.66,B2
183,9071877,0.59,9.23,6.52,B2
184,8853261,0.53,8.96,6.33,B2
185,8418840,0.57,9.93,7.02,B2
186,4147466,0.53,9.23,6.53,B2
187,8315185,0.59,9.38,6.63,B2
188,2750933,0.53,13.84,9.79,B2
189,7353490,0.65,9.94,7.03,B2
190,4976530,0.53,9.08,6.42,B2
191,4972689,0.46,10.23,7.24,B2
192,1894685,0.43,12.39,8.76,B2
193,7982890,0.45,13.73,9.71,B2
194,8666657,0.53,8.86,6.27,B2
195,1407699,0.54,9.17,6.48,B2
196,2704689,0.68,8.95,6.33,B2
197,9023961,0.49,12.16,8.6,B2
198,4952514,0.58,10.28,7.27,B2
199,8446262,0.54,9.29,6.57,B2
200,6516673,0.56,9.15,6.47,B2
201,7558865,0.51,11.43,8.08,B2
202,2522338,0.42,9.92,7.02,B2
203,5379639,0.55,9.44,6.67,B2
204,6030204,0.45,13.68,9.67,B2
205,2016485,0.61,12.79,9.04,B2
206,9884507,0.6,10.39,7.35,B2
207,4815516,0.5,10.82,7.65,B2
208,8755283,0.51,9.03,6.38,B2
209,6273263,0.61,9.98,7.05,B2
210,1448949,0.6,12.55,8.87,B2
211,3164463,0.53,9.11,6.44,B2
212,9937414,0.77,8.75,6.19,B2
213,2843591,0.49,14.02,9.91,B2
214,5924733,0.52,9.02,6.38,B2
215,7262334,0.5,14.59,10.32,B2
216,5668707,0.54,9.41,6.65,B2
217,7433591,0.46,13.45,9.51,B2
218,9112338,0.45,13.74,9.72,B2
219,5118107,0.5,9.21,6.51,B2
220,5224335,0.5,15.16,10.72,B2
221,7962633,0.57,10.04,7.1,B2
222,3450789,0.59,9.71,6.87,B2
223,2585237,0.59,10.51,7.43,B2
224,1314299,0.45,13.21,9.34,B2
225,4813424,0.43,14.25,10.08,B2
226,9214883,0.52,9.13,6.46,B2
227,5478670,0.56,9.87,6.98,B2
228,5743244,0.57,9.58,6.77,B2
229,7222957,0.54,11.77,8.32,B2
230,1551661,0.57,9.21,6.52,B2
231,2590176,0.56,9.38,6.63,B2
232,4271787,0.55,11.9,8.41,B2
233,4182188,0.41,12.92,9.14,B2
234,4979848,0.54,11.73,8.3,B2
235,7402210,0.65,8.57,6.06,B2
236,9482349,0.5,8.83,6.24,B2
237,1728018,0.54,8.71,6.16,B2
238,4843680,0.46,11.77,8.32,B2
239,7043615,0.51,9.29,6.57,B2
240,6772835,0.42,13.05,9.23,B2
241,6490186,0.49,8.94,6.33,B2
242,1330268,0.48,11.63,8.23,B2
243,1490767,0.59,9.96,7.04,B2
244,5000157,0.51,8.78,6.21,B2
245,8005789,0.64,9.62,6.8,B2
246,7392962,0.54,11.1,7.85,B2
247,5408473,0.52,8.75,6.19,B2
248,8897043,0.52,10.53,7.44,B2
249,1517379,0.54,9.11,6.44,B2
250,8279775,0.54,12.22,8.64,B2
251,5703445,0.62,9.24,6.53,B2
252,3627745,0.54,9.06,6.41,B2
253,6085483,0.53,8.07,5.71,B2
254,3880204,0.57,11.93,8.44,B2
255,5924692,0.49,16.35,11.56,B2
256,9384258,0.57,10.75,7.6,B2
257,6501086,0.46,10.87,7.69,B2
258,9556590,0.54,8.97,6.34,B2
259,1698113,0.5,15.22,10.76,B2
260,7713827,0.52,10.27,7.26,B2
261,1751547,0.46,11.78,8.33,B2
262,4310879,0.64,10.88,7.69,B2
263,1717864,0.51,13.49,9.54,B2
264,3989365,0.5,15.67,11.08,B2
265,9766296,0.54,9.27,6.56,B2
266,2072607,0.5,11.93,8.43,B2
267,3656364,0.47,11.49,8.13,B2
268,7734440,0.47,15.66,11.08,B2
269,3053078,0.56,9.87,6.98,B2
270,3994270,0.52,9.96,7.04,B2
271,7504855,0.62,8.64,6.11,B2
272,4035688,0.51,10.93,7.73,B2
273,3237155,0.57,9.66,6.83,B2
274,5376865,0.5,7.95,5.62,B2
275,6712749,0.46,14.1,9.97,B2
276,9224902,0.48,8.07,5.71,B2
277,9116967,0.45,12.97,9.17,B2
278,7909631,0.45,13.03,9.21,B2
279,1373018,0.41,13.08,9.25,B2
280,8682724,0.49,8.4,5.94,B2
281,6512312,0.56,10.06,7.12,B2
282,5571742,0.51,8.86,6.27,B2
283,9802455,0.45,13.39,9.47,B2
284,9083783,0.43,12.63,8.93,B2
285,1322251,0.43,12.65,8.94,B2
286,5741008,0.63,8.45,5.98,A2
287,6109118,0.53,9.56,6.76,A2
288,3340419,0.68,8.97,6.34,A2
289,7141055,0.48,8.22,5.81,A2
290,1574835,0.54,6.08,4.3,A2
291,9349081,0.39,7.27,5.14,A2
292,8353632,0.7,5.93,4.2,A2
293,8482954,0.74,7.18,5.08,A2
294,4209287,0.36,3.51,2.48,A2
295,2145165,0.43,7.35,5.2,A2
296,1303286,0.56,9.13,6.45,A2
297,6725580,0.62,8.46,5.98,A2
298,5278532,0.38,7.52,5.32,A2
299,6165087,0.48,8.39,5.93,A2
300,5046676,0.47,8.72,6.17,A2
301,7199735,0.71,6.78,4.79,A2
302,6613608,0.53,9.07,6.41,A2
303,4344223,0.49,8.53,6.03,A2
304,1920718,0.75,5.81,4.11,A2
305,4680158,0.52,9.16,6.48,A2
306,7915843,0.57,6.05,4.28,A2
307,5229676,0.48,8.42,5.95,A2
308,6034386,0.44,4.82,3.41,A2
309,5746136,0.48,5.15,3.64,A2
310,2768053,0.4,8.01,5.66,A2
311,9853341,0.61,8.31,5.87,A2
312,8859758,0.46,7.87,5.57,A2
313,6784474,0.44,4.43,3.14,A2
314,2705071,0.73,7.27,5.14,A2
315,1211883,0.42,4.52,3.19,A2
316,5619071,0.49,5.34,3.78,A2
317,9194737,0.75,7.04,4.97,A2
318,5085303,0.48,5.25,3.71,A2
319,1836371,0.44,8.04,5.68,A2
320,9748136,0.37,3.87,2.73,A2
321,4830266,0.81,7.33,5.19,A2
322,6420887,0.45,7.7,5.44,A2
323,7043090,0.43,4.83,3.42,A2
324,7517580,0.76,7.05,4.99,A2
325,2055720,0.68,6.53,4.62,A2
326,2827742,0.5,9.07,6.41,A2
327,7700044,0.64,7.69,5.44,A2
328,4141045,0.47,8.17,5.78,A2
329,1764194,0.68,6.7,4.74,A2
330,4011818,0.83,7.0,4.95,A2
331,6544568,0.43,7.86,5.56,A2
332,8703478,0.51,9.11,6.44,A2
333,7772912,0.41,7.45,5.27,A2
334,6594347,0.47,7.93,5.61,A2
335,7734508,0.43,4.28,3.03,A2
336,5757897,0.51,8.72,6.17,A2
337,7015066,0.52,5.84,4.13,A2
338,6795690,0.43,7.9,5.59,A2
339,6978973,0.52,8.97,6.34,A2
340,1826134,0.51,9.11,6.44,A2
341,4038783,0.71,6.65,4.7,A2
342,8847841,0.45,4.75,3.36,A2
343,5320204,0.66,6.33,4.47,A2
344,3094559,0.49,8.38,5.93,A2
345,9127923,0.44,4.57,3.23,A2
346,7503086,0.64,6.84,4.83,A2
347,4255536,0.47,5.16,3.65,A2
348,3085238,0.48,8.36,5.91,A2
349,9340048,0.54,9.39,6.64,A2
350,1362547,0.5,5.34,3.77,A2
351,4271471,0.46,8.02,5.67,A2
352,1271391,0.68,8.43,5.96,A2
353,5853336,0.51,6.0,4.24,A2
354,8490902,0.52,9.18,6.49,A2
355,7761483,0.76,6.31,4.46,A2
356,6063000,0.72,6.16,4.36,A2
357,3179538,0.36,4.04,2.86,A2
358,1757474,0.47,8.21,5.8,A2
359,2468613,0.48,8.07,5.71,A2
360,8160495,0.53,9.51,6.73,A2
361,5858471,0.6,7.56,5.34,A2
362,8596200,0.5,9.42,6.66,A2
363,5922938,0.53,9.17,6.48,A2
364,1706743,0.8,7.67,5.43,A2
365,9202692,0.53,9.07,6.41,A2
366,9785765,0.48,8.14,5.76,A2
367,4033930,0.52,9.16,6.48,A2
368,4417303,0.46,4.57,3.23,A2
369,6149409,0.36,6.3,4.46,A2
370,7656247,0.5,5.63,3.98,A2
371,3072074,0.73,6.1,4.31,A2
372,9138092,0.48,5.46,3.86,A2
373,6802508,0.48,8.68,6.14,A2
374,2394118,0.3,3.24,2.29,A2
375,8580096,0.51,9.28,6.56,A2
376,3428346,0.72,6.52,4.61,A2
377,8967215,0.51,9.34,6.61,A2
378,8675887,0.46,8.21,5.8,A2
379,4376372,0.43,8.3,5.87,A2
380,4002871,0.47,4.7,3.32,A2
381,7135126,0.52,5.43,3.84,A2
382,4783159,0.51,8.88,6.28,A2
383,8535407,0.55,7.22,5.11,A2
384,9816656,0.52,9.13,6.46,A2
385,5787109,0.42,4.69,3.32,A2
386,5664428,0.41,7.9,5.59,A2
387,4902650,0.54,9.28,6.56,A2
388,8691120,0.51,8.66,6.12,A2
389,9486520,0.5,9.51,6.73,A2
390,5849639,0.58,9.52,6.73,A2
391,3582679,0.49,4.92,3.48,A2
392,1163193,0.42,4.72,3.34,A2
393,9461407,0.51,8.81,6.23,A2
394,8674808,0.79,6.57,4.65,A2
395,4682589,0.49,8.37,5.92,A2
396,7492342,0.44,15.04,10.63,A2
397,4051484,0.51,9.07,6.41,A2
398,9835391,0.5,8.51,6.02,A2
399,7949584,0.39,7.74,5.47,A2
400,1372876,0.49,8.43,5.96,A2
401,5755231,0.43,8.09,5.72,A2
402,2502632,0.56,8.67,6.13,A2
403,7735789,0.49,5.46,3.86,A2
404,6491057,0.52,9.19,6.5,A2
405,3249456,0.73,7.21,5.1,A2
406,8628406,0.53,9.66,6.83,A2
407,3314316,0.4,3.92,2.77,A2
408,9537476,0.47,8.0,5.66,A2
409,5088285,0.41,4.44,3.14,A2
410,4990837,0.54,9.64,6.82,A2
411,7778822,0.48,9.03,6.39,A2
412,2379055,0.5,9.5,6.72,A2
413,7198838,0.47,8.43,5.96,A2
414,9115851,0.47,4.65,3.29,A2
415,9632957,0.6,6.74,4.77,A2
416,1322417,0.48,7.44,5.26,A2
417,9268630,0.52,8.74,6.18,A2
418,8223491,0.53,8.84,6.25,A2
419,7568247,0.53,9.51,6.72,A2
420,4539220,0.43,7.66,5.41,A2
421,1021615,0.69,7.09,5.01,A2
422,7807816,0.49,8.66,6.12,A2
423,6000494,0.48,8.39,5.93,A2
424,3129710,0.44,4.81,3.4,A2
425,3542650,0.72,6.59,4.66,A2
426,3898368,0.83,7.44,5.26,A2
427,1471460,0.52,9.04,6.39,A2
428,6786040,0.5,8.72,6.16,A2
429,3895720,0.74,7.0,4.95,A2
430,5192307,0.6,6.04,4.27,A2
431,6839485,0.89,6.46,4.57,A2
432,9977837,0.43,7.9,5.59,A2
433,1353241,0.48,8.56,6.06,A2
434,1616371,0.51,8.88,6.28,A2
435,9727697,0.65,8.28,5.85,A2
436,7910781,0.47,8.05,5.69,A2
437,1121544,0.79,7.11,5.03,A2
438,2369020,0.72,7.11,5.03,A2
439,8522625,0.69,8.06,5.7,A2
440,5131997,0.48,5.3,3.75,A2
441,3470127,0.48,4.93,3.49,A2
442,1155699,0.71,6.48,4.58,A2
443,5395465,0.52,9.11,6.44,A2
444,5829437,0.52,5.3,3.74,A2
445,9996177,0.5,9.06,6.4,A2
446,9906323,0.69,6.26,4.42,A2
447,7346810,0.42,4.08,2.89,A2
448,8505422,0.45,8.42,5.96,A2
449,6997653,0.42,7.56,5.35,A2
450,7186726,0.5,5.27,3.73,A2
451,5292075,0.73,6.66,4.71,A2
452,2121316,0.67,6.5,4.59,A2
453,5949099,0.45,5.01,3.54,A2
454,5931900,0.47,8.06,5.7,A2
455,3538683,0.6,6.61,4.67,A2
456,9617311,0.5,8.62,6.09,A2
457,2831727,0.48,8.33,5.89,A2
458,7702497,0.8,7.09,5.01,A2
459,2154710,0.5,7.73,5.47,A2
460,5521509,0.53,9.19,6.5,A2
461,7261974,0.78,6.35,4.49,A2
462,7313000,0.55,6.52,4.61,A2
463,8277976,0.85,6.96,4.92,A2
464,2722389,0.5,8.57,6.06,A2
465,5117528,0.48,8.54,6.04,A2
466,4290196,0.52,9.36,6.62,A2
467,3437202,0.47,8.57,6.06,A2
468,1523058,0.51,8.89,6.29,A2
469,8500220,0.46,4.96,3.51,A2
470,7531614,0.39,4.38,3.1,A2
471,4061228,0.54,9.63,6.81,A2
472,5194513,0.73,5.88,4.15,A2
473,7211716,0.34,3.85,2.72,A2
474,9122350,0.49,8.56,6.05,A2
475,7664958,0.43,7.33,5.18,A2
476,2847118,0.45,7.95,5.62,A2
477,3384100,0.45,7.94,5.62,A2
478,7458399,0.55,9.82,6.95,A2
479,3260853,0.5,8.51,6.02,A2
480,4233432,0.46,5.07,3.59,A2
481,1986457,0.4,4.49,3.18,A2
482,4858403,0.52,8.84,6.25,A2
483,5835684,0.54,9.59,6.78,A2
484,1380796,0.89,7.06,4.99,A2
485,3081370,0.45,8.06,5.7,A2
486,5140601,0.48,8.28,5.86,A2
487,9218262,0.58,9.48,6.7,A2
488,3190061,0.82,6.95,4.92,A2
489,4039670,0.39,7.29,5.15,A2
490,3360565,0.68,6.83,4.83,A2
491,4790816,0.42,7.33,5.18,A2
492,8963059,0.48,9.17,6.49,A2
493,5070862,0.48,8.39,5.93,A2
494,7155854,0.52,9.4,6.65,A2
495,2658769,0.62,8.3,5.87,A2
496,7571784,0.52,8.99,6.36,A2
497,9106903,0.48,8.78,6.21,A2
498,1010734,0.49,8.89,6.29,A2
499,8669212,0.47,8.26,5.84,A2
500,7822600,0.51,9.1,6.43,A2
501,6812816,0.47,7.89,5.58,A2
502,7457262,0.49,8.53,6.03,A2
503,8699342,0.49,8.92,6.31,A2
504,6835356,0.52,8.96,6.34,A2
505,6376700,0.47,8.6,6.08,A2
506,8612444,0.44,8.23,5.82,A2
507,4958370,0.38,3.84,2.72,A2
508,4058895,0.49,8.43,5.96,A2
509,3607479,0.42,3.92,2.77,A2
510,2535188,0.47,9.08,6.42,A2
511,3223734,0.68,5.77,4.08,A2
512,4212467,0.43,4.13,2.92,A2
513,2983195,0.42,4.26,3.01,A2
514,3478093,0.68,6.83,4.83,A2
515,1669843,0.76,7.3,5.16,A2
516,7825903,0.41,7.37,5.21,A2
517,2920117,0.55,9.27,6.55,A2
518,7302573,0.44,7.83,5.53,A2
519,5058978,0.45,8.11,5.73,A2
520,5776029,0.71,7.56,5.35,A2
521,3906207,0.52,5.81,4.11,A2
522,6108540,0.48,5.25,3.71,A2
523,7555563,0.66,9.14,6.46,A2
524,8213911,0.51,8.75,6.19,A2
525,3218034,0.52,8.89,6.29,A2
526,6687882,0.52,9.35,6.61,A2
527,7758662,0.5,8.92,6.3,A2
528,9458550,0.54,5.95,4.21,A2
529,1479552,0.47,8.22,5.81,A2
530,8275769,0.55,9.8,6.93,A2
531,1733852,0.46,8.12,5.74,A2
532,2655171,0.5,9.75,6.89,A2
533,7928283,0.66,8.74,6.18,A2
534,8359690,0.56,10.15,7.18,A2
535,6456828,0.77,5.83,4.12,A2
536,1946777,0.49,8.6,6.08,A2
537,9763880,0.76,6.75,4.77,A2
538,3340606,0.39,4.0,2.83,A2
539,1702478,0.48,7.98,5.64,A2
540,7575790,0.78,7.22,5.11,A2
541,2176811,0.65,8.92,6.31,A2
542,1657168,0.61,8.12,5.74,A2
543,2176790,0.77,6.55,4.63,A2
544,2401939,0.47,4.88,3.45,A2
545,9469139,0.51,8.83,6.25,A2
546,4733551,0.44,7.89,5.58,A2
547,6731532,0.5,8.63,6.1,A2
548,1007680,0.52,9.07,6.42,A2
549,4356460,0.65,8.03,5.68,A2
550,9180225,0.38,3.9,2.76,A2
551,3716085,0.55,9.58,6.78,A2
552,1269962,0.62,8.71,6.16,A2
553,6065607,0.63,8.12,5.74,A2
554,4858213,0.47,8.21,5.81,A2
555,4573661,0.64,8.44,5.97,A2
556,2375272,0.44,4.7,3.33,A2
557,7516300,0.55,9.08,6.42,A2
558,6015910,0.53,11.69,8.26,C1
559,7774403,0.47,13.37,9.45,C1
560,3925884,0.45,16.42,11.61,C1
561,9847931,0.42,16.16,11.43,C1
562,4172068,0.45,13.36,9.44,C1
563,6752908,0.51,10.88,7.69,C1
564,4282868,0.48,13.77,9.74,C1
565,9853377,0.44,15.57,11.01,C1
566,5323605,0.49,13.15,9.3,C1
567,1630492,0.55,8.49,6.0,C1
568,1480433,0.5,12.71,8.99,C1
569,4867964,0.64,9.32,6.59,C1
570,7628692,0.41,14.22,10.06,C1
571,7946882,0.55,9.77,6.91,C1
572,5535144,0.5,12.01,8.49,C1
573,7087250,0.56,13.45,9.51,C1
574,5056891,0.51,15.16,10.72,C1
575,7706534,0.37,6.02,4.26,C1
576,6659098,0.48,15.74,11.13,C1
577,3558122,0.55,12.85,9.09,C1
578,6481734,0.46,14.14,10.0,C1
579,6159892,0.5,15.26,10.79,C1
580,4506587,0.57,10.84,7.67,C1
581,5506572,0.51,13.92,9.85,C1
582,5644633,0.52,13.47,9.53,C1
583,4035775,0.54,11.65,8.24,C1
584,9842296,0.54,9.2,6.5,C1
585,2544566,0.46,14.2,10.04,C1
586,3188086,0.54,9.57,6.77,C1
587,3467058,0.44,10.88,7.69,C1
588,6924204,0.48,11.14,7.88,C1
589,1758768,0.46,9.21,6.51,C1
590,2746531,0.48,14.52,10.27,C1
591,9425482,0.54,16.2,11.45,C1
592,5994093,0.58,11.11,7.85,C1
593,3468364,0.4,12.09,8.55,C1
594,6632346,0.59,9.29,6.57,C1
595,2018829,0.48,14.77,10.44,C1
596,6334384,0.5,15.27,10.8,C1
597,6520769,0.51,12.3,8.7,C1
598,7991093,0.5,15.22,10.76,C1
599,3044448,0.52,11.58,8.19,C1
600,6476873,0.6,11.42,8.07,C1
601,9332951,0.61,10.29,7.28,C1
602,2389984,0.45,13.0,9.19,C1
603,1340538,0.56,13.61,9.62,C1
604,2160105,0.46,14.31,10.12,C1
605,6852081,0.54,14.38,10.17,C1
606,8295173,0.61,10.56,7.47,C1
607,2439453,0.49,16.62,11.75,C1
608,6395953,0.48,12.99,9.18,C1
609,4699528,0.58,9.54,6.74,C1
610,1635524,0.61,12.0,8.48,C1
611,7708674,0.43,13.1,9.27,C1
612,6948105,0.48,11.6,8.21,C1
613,2066319,0.45,13.18,9.32,C1
614,1881077,0.57,14.08,9.96,C1
615,8695247,0.53,11.52,8.14,C1
616,9447515,0.54,12.0,8.48,C1
617,5208352,0.53,8.9,6.3,C1
618,7848385,0.56,12.15,8.59,C1
619,4288041,0.46,14.34,10.14,C1
620,3968263,0.47,12.66,8.95,C1
621,1322207,0.48,13.49,9.54,C1
622,4932623,0.41,16.51,11.68,C1
623,7738314,0.49,13.35,9.44,C1
624,2621959,0.52,14.15,10.01,C1
625,4992488,0.5,11.45,8.09,C1
626,4760770,0.57,12.69,8.97,C1
627,7738586,0.5,12.38,8.75,C1
628,1372146,0.51,13.11,9.27,C1
629,7835912,0.49,13.02,9.21,C1
630,3019763,0.48,13.12,9.28,C1
631,2505265,0.49,15.58,11.02,C1
632,6626958,0.47,13.58,9.6,C1
633,1316145,0.72,9.21,6.52,C1
634,6739793,0.59,10.32,7.3,C1
635,2276481,0.64,9.22,6.52,C1
636,2912525,0.63,14.91,10.54,C1
637,2424690,0.46,14.58,10.31,C1
638,5658610,0.43,15.55,10.99,C1
639,6620596,0.42,15.47,10.94,C1
640,8989225,0.51,14.4,10.18,C1
641,7168635,0.53,14.53,10.27,C1
642,6873908,0.52,12.57,8.89,C1
643,6089811,0.51,15.19,10.74,C1
644,8432403,0.5,13.87,9.81,C1
645,1894503,0.45,13.68,9.67,C1
646,6120448,0.51,14.09,9.97,C1
647,6014558,0.42,13.02,9.21,C1
648,1579561,0.54,14.54,10.28,C1
649,3414364,0.53,12.82,9.06,C1
650,5041520,0.59,10.27,7.26,C1
651,9564538,0.43,10.2,7.21,C1
652,4345982,0.48,14.03,9.92,C1
653,6352973,0.58,12.44,8.79,C1
654,6793132,0.4,10.55,7.46,C1
655,5005805,0.56,12.34,8.73,C1
656,2021188,0.56,10.99,7.77,C1
657,8985617,0.52,14.14,10.0,C1
658,1832046,0.46,13.36,9.45,C1
659,4454315,0.54,12.87,9.1,C1
660,6391821,0.56,13.96,9.87,C1
661,2262322,0.57,10.9,7.71,C1
662,5212416,0.52,11.29,7.98,C1
663,6776454,0.52,14.38,10.17,C1
664,8249058,0.57,11.19,7.91,C1
665,5721550,0.54,9.83,6.95,C1
666,3496118,0.48,11.93,8.44,C1
667,7818396,0.52,12.89,9.12,C1
668,4203998,0.47,13.44,9.5,C1
669,3376853,0.48,15.16,10.72,C1
670,1710413,0.5,12.53,8.86,C1
671,5316202,0.51,9.06,6.4,C1
672,6562826,0.44,15.36,10.86,C1
673,3718664,0.58,12.82,9.07,C1
674,8776505,0.59,10.54,7.45,C1
675,7009449,0.6,10.02,7.09,C1
676,8181938,0.48,9.97,7.05,C1
677,8324930,0.46,14.01,9.9,C1
678,8149258,0.47,13.84,9.79,C1
679,9256128,0.49,13.82,9.77,C1
680,2165749,0.44,14.09,9.96,C1
681,9100737,0.55,9.34,6.6,C1
682,6797530,0.61,10.13,7.16,C1
683,4787351,0.46,13.57,9.6,C1
684,3753578,0.56,11.37,8.04,C1
685,4009471,0.54,12.3,8.69,C1
686,1372052,0.57,9.63,6.81,C1
687,5173730,0.55,10.74,7.59,C1
688,4192827,0.58,9.29,6.57,C1
689,7706274,0.58,9.9,7.0,C1
690,7377609,0.53,16.51,11.68,C1
691,5276884,0.53,12.67,8.96,C1
692,3426691,0.5,13.11,9.27,C1
693,4845783,0.43,13.63,9.64,C1
694,5741391,0.41,12.11,8.56,C1
695,2272714,0.52,8.97,6.34,C1
696,7627841,0.54,8.69,6.15,C1
697,8332605,0.49,14.86,10.51,C1
698,6670392,0.66,10.2,7.21,C1
699,7492561,0.47,15.89,11.24,C1
700,5536226,0.46,12.76,9.02,C1
701,6230273,0.43,11.93,8.44,C1
702,9553741,0.5,12.35,8.73,C1
703,9965161,0.48,13.89,9.82,C1
704,4543540,0.49,12.93,9.14,C1
705,6250874,0.52,13.43,9.5,C1
706,1007787,0.66,10.02,7.09,C1
707,9204868,0.6,12.55,8.88,C1
708,3099485,0.56,11.16,7.89,C1
709,8248415,0.45,14.02,9.92,C1
710,9344643,0.46,14.03,9.92,C1
711,2035291,0.44,15.77,11.15,C1
712,8123977,0.48,13.94,9.85,C1
713,7560768,0.57,10.17,7.19,C1
714,9121910,0.6,7.28,5.15,C1
715,5461140,0.46,12.53,8.86,C1
716,9459037,0.54,12.54,8.87,C1
717,1954997,0.55,11.59,8.2,C1
718,8222953,0.52,14.38,10.17,C1
719,4683653,0.46,14.08,9.95,C1
720,5446667,0.46,16.38,11.58,C1
721,3641937,0.47,13.54,9.57,C1
722,5962448,0.47,12.69,8.97,C1
723,5959892,0.55,9.6,6.79,C1
724,1371672,0.46,14.63,10.35,C1
725,5697754,0.57,9.25,6.54,C1
726,9672082,0.58,9.0,6.36,C1
727,2643029,0.51,11.52,8.15,C1
728,5988495,0.45,14.19,10.03,C1
729,9110413,0.49,11.62,8.22,C1
730,8307803,0.48,13.24,9.36,C1
731,2635829,0.58,12.48,8.83,C1
732,3591783,0.55,12.36,8.74,C1
733,5969269,0.51,13.01,9.2,C1
734,7720921,0.45,12.4,8.77,C1
735,4685983,0.51,13.34,9.43,C1
736,2473438,0.45,13.73,9.71,C1
737,9968673,0.52,9.05,6.4,C1
738,3109066,0.44,12.26,8.67,C1
739,7630659,0.49,14.93,10.55,C1
740,3489150,0.5,15.52,10.98,C1
741,2429042,0.67,10.81,7.64,C1
742,5663516,0.42,13.32,9.42,C1
743,1711081,0.5,8.49,6.0,C1
744,8195072,0.65,13.59,9.61,C1
745,7753159,0.43,13.42,9.49,C1
746,6206683,0.47,11.64,8.23,C1
747,8890289,0.49,14.32,10.13,C1
748,8837950,0.42,12.24,8.65,C1
749,9745603,0.49,14.71,10.4,C1
750,3513966,0.45,13.63,9.64,C1
751,2252181,0.44,15.42,10.9,C1
752,3125438,0.48,14.42,10.19,C1
753,6869495,0.43,16.77,11.86,C1
754,8423937,0.63,10.56,7.47,C1
755,1171858,0.46,12.39,8.76,C1
756,8668736,0.52,14.42,10.2,C1
757,4284260,0.5,13.14,9.29,C1
758,7144299,0.59,14.14,10.0,C1
759,9650108,0.46,14.08,9.96,C1
760,9639926,0.56,12.43,8.79,C1
761,9038148,0.54,9.77,6.91,C1
762,1036977,0.48,17.95,12.69,C1
763,6280308,0.5,8.99,6.35,C1
764,1195592,0.48,9.4,6.65,C1
765,2533748,0.6,9.81,6.94,C1
766,4130326,0.49,13.62,9.63,C1
767,6869816,0.55,9.48,6.7,C1
768,8564471,0.47,14.12,9.98,C1
769,3241320,0.42,14.85,10.5,C1
770,1373175,0.54,13.12,9.28,C1
771,3219885,0.51,13.96,9.87,C1
772,5350743,0.53,10.96,7.75,C1
773,6093961,0.47,12.92,9.13,C1
774,6349803,0.54,12.08,8.54,C1
775,1407733,0.47,13.13,9.28,C1
776,9446878,0.48,8.43,5.96,C1
777,5817064,0.54,8.18,5.79,C1
778,3782196,0.5,12.39,8.76,C1
779,3003446,0.45,12.12,8.57,C1
780,2405541,0.48,14.36,10.15,C1
781,4371748,0.52,12.94,9.15,C1
782,8118280,0.48,12.43,8.79,C1
783,7564539,0.6,11.05,7.81,C1
784,7913432,0.49,7.72,5.46,C1
785,7003465,0.55,11.04,7.8,C1
786,1578195,0.48,12.86,9.09,C1
787,5941821,0.5,15.28,10.81,C1
788,3318837,0.46,12.26,8.67,C1
789,9351620,0.48,12.73,9.0,C1
790,9027740,0.43,11.7,8.27,C1
791,8417681,0.56,10.08,7.13,C1
792,2782699,0.38,11.39,8.06,C1
793,9217224,0.43,12.63,8.93,C1
794,3220078,0.56,13.63,9.63,C1
795,3153226,0.48,12.51,8.84,C1
796,9935191,0.65,10.78,7.62,C1
797,1140108,0.5,11.78,8.33,C1
798,1970120,0.7,10.25,7.25,C1
799,2725306,0.62,8.97,6.34,B1
800,7649838,0.61,10.29,7.28,B1
801,4065153,0.49,8.54,6.04,B1
802,1391598,0.62,10.25,7.25,B1
803,7444585,0.7,10.01,7.08,B1
804,5748028,0.48,8.13,5.75,B1
805,7085072,0.74,8.4,5.94,B1
806,4066833,0.61,8.01,5.67,B1
807,1976361,0.54,13.26,9.37,B1
808,1025088,0.57,11.16,7.89,B1
809,9300261,0.44,7.67,5.43,B1
810,5292392,0.43,15.73,11.12,B1
811,8186305,0.5,8.51,6.02,B1
812,2183433,0.49,12.34,8.73,B1
813,8759777,0.53,8.93,6.32,B1
814,4587877,0.52,8.9,6.29,B1
815,6589106,0.51,10.5,7.43,B1
816,2134778,0.44,16.29,11.52,B1
817,4898034,0.58,10.33,7.3,B1
818,1849098,0.44,4.49,3.17,B1
819,3246181,0.49,8.43,5.96,B1
820,9194885,0.61,9.06,6.41,B1
821,1736851,0.4,14.11,9.98,B1
822,4702067,0.54,10.4,7.35,B1
823,5894543,0.66,8.14,5.75,B1
824,4384944,0.45,7.31,5.17,B1
825,4778462,0.5,8.94,6.32,B1
826,9928301,0.52,8.96,6.34,B1
827,9195722,0.38,15.08,10.66,B1
828,2960757,0.47,5.3,3.75,B1
829,2579158,0.59,9.28,6.56,B1
830,7470609,0.62,8.66,6.12,B1
831,9655215,0.43,7.4,5.23,B1
832,1149915,0.38,14.08,9.95,B1
833,6570391,0.49,13.12,9.27,B1
834,5787768,0.57,10.52,7.44,B1
835,9311313,0.46,7.91,5.59,B1
836,2577322,0.49,8.6,6.08,B1
837,6573289,0.58,7.8,5.52,B1
838,6325792,0.48,12.02,8.5,B1
839,8588189,0.45,9.27,6.55,B1
840,4196768,0.56,9.86,6.97,B1
841,7484485,0.52,8.91,6.3,B1
842,5722540,0.57,10.09,7.13,B1
843,8340656,0.52,14.62,10.34,B1
844,1062672,0.5,8.5,6.01,B1
845,3496830,0.67,8.64,6.11,B1
846,6444662,0.5,14.27,10.09,B1
847,4014373,0.53,13.26,9.38,B1
848,8491499,0.47,8.15,5.77,B1
849,3069515,0.41,13.37,9.45,B1
850,9893697,0.55,9.32,6.59,B1
851,5910889,0.46,7.85,5.55,B1
852,7186055,0.47,15.67,11.08,B1
853,1938123,0.53,11.02,7.79,B1
854,7386559,0.51,8.96,6.34,B1
855,7817560,0.42,11.98,8.47,B1
856,5282181,0.54,9.4,6.64,B1
857,2635181,0.59,10.95,7.74,B1
858,7038504,0.46,7.96,5.63,B1
859,1930941,0.44,15.35,10.85,B1
860,1607045,0.49,8.49,6.0,B1
861,4173154,0.54,10.04,7.1,B1
862,2639412,0.57,10.11,7.15,B1
863,5635337,0.53,9.51,6.73,B1
864,2903734,0.35,11.49,8.12,B1
865,9390953,0.78,7.88,5.57,B1
866,2021973,0.57,9.97,7.05,B1
867,2786951,0.49,8.69,6.15,B1
868,1090528,0.55,9.16,6.48,B1
869,4361719,0.54,8.98,6.35,B1
870,9865521,0.53,10.75,7.6,B1
871,6434356,0.5,8.67,6.13,B1
872,5754873,0.52,10.39,7.35,B1
873,5101300,0.58,10.22,7.22,B1
874,5530728,0.57,9.48,6.7,B1
875,9332582,0.56,10.52,7.44,B1
876,2356932,0.49,8.49,6.0,B1
877,9615161,0.51,9.69,6.85,B1
878,8968357,0.51,8.69,6.14,B1
879,8911818,0.46,12.43,8.79,B1
880,4943632,0.53,9.11,6.44,B1
881,2160714,0.37,11.44,8.09,B1
882,2928862,0.59,10.81,7.64,B1
883,4160747,0.54,8.99,6.35,B1
884,8548090,0.44,11.84,8.37,B1
885,1629201,0.47,14.22,10.05,B1
886,5410739,0.55,9.42,6.66,B1
887,3474873,0.71,8.53,6.03,B1
888,6127645,0.69,7.06,4.99,B1
889,2070370,0.54,9.27,6.55,B1
890,9191794,0.54,12.22,8.64,B1
891,7742258,0.5,8.43,5.96,B1
892,6814580,0.52,8.28,5.85,B1
893,9704354,0.51,7.92,5.6,B1
894,5221677,0.34,3.82,2.7,B1
895,2415609,0.47,8.13,5.75,B1
896,5664730,0.51,9.42,6.66,B1
897,8358211,0.79,8.75,6.18,B1
898,7243081,0.51,8.81,6.23,B1
899,3879229,0.65,7.46,5.27,B1
900,3242628,0.58,10.61,7.5,B1
901,4624800,0.63,10.87,7.69,B1
902,5291779,0.61,8.44,5.97,B1
903,7929576,0.46,8.5,6.01,B1
904,7723574,0.57,10.23,7.23,B1
905,5243947,0.51,8.71,6.16,B1
906,6129753,0.48,13.08,9.25,B1
907,7734580,0.5,12.77,9.03,B1
908,5089410,0.51,9.14,6.46,B1
909,3371487,0.56,9.32,6.59,B1
910,5197744,0.44,7.53,5.32,B1
911,2650800,0.3,3.03,2.14,B1
912,9577770,0.46,7.8,5.51,B1
913,5757762,0.5,8.12,5.74,B1
914,1217167,0.55,9.71,6.86,B1
915,5361201,0.52,8.86,6.27,B1
916,7875811,0.4,14.21,10.04,B1
917,6441739,0.5,8.67,6.13,B1
918,6934710,0.48,8.68,6.14,B1
919,9467838,0.57,10.74,7.59,B1
920,2840397,0.47,8.5,6.01,B1
921,2894458,0.52,12.22,8.64,B1
922,6300612,0.57,10.02,7.09,B1
923,6481370,0.51,8.83,6.25,B1
924,4481726,0.51,9.24,6.53,B1
925,7163606,0.56,9.47,6.7,B1
926,9320290,0.58,9.83,6.95,B1
927,4286992,0.6,10.83,7.66,B1
928,8197123,0.54,9.66,6.83,B1
929,6794653,0.42,4.29,3.04,B1
930,6683977,0.58,9.92,7.02,B1
931,9022297,0.46,15.66,11.07,B1
932,5146191,0.56,9.53,6.74,B1
933,9835373,0.51,12.35,8.73,B1
934,6313345,0.47,6.04,4.27,B1
935,3113910,0.39,4.02,2.84,B1
936,7395645,0.46,12.24,8.65,B1
937,9621241,0.46,7.99,5.65,B1
938,7021260,0.46,8.1,5.73,B1
939,4037495,0.51,12.95,9.16,B1
940,4158014,0.53,10.51,7.43,B1
941,2521927,0.67,12.13,8.58,B1
942,9164707,0.46,4.6,3.25,B1
943,8405339,0.52,9.51,6.72,B1
944,1066982,0.53,9.05,6.4,B1
945,7724324,0.46,8.37,5.92,B1
946,4069468,0.49,8.53,6.03,B1
947,4900461,0.53,9.62,6.8,B1
948,3589222,0.54,9.3,6.57,B1
949,7998176,0.4,12.13,8.58,B1
950,5014763,0.48,9.41,6.66,B1
951,2748223,0.49,8.22,5.81,B1
952,8403829,0.53,9.59,6.78,B1
953,5742128,0.51,11.81,8.35,B1
954,2226279,0.53,9.15,6.47,B1
955,8720731,0.57,9.06,6.41,B1
956,9845473,0.41,4.72,3.34,B1
957,4959007,0.59,9.98,7.06,B1
958,5594582,0.54,9.13,6.46,B1
959,1391923,0.48,8.4,5.94,B1
960,7602917,0.41,12.47,8.82,B1
961,1209688,0.48,11.39,8.05,B1
962,8138984,0.51,8.69,6.14,B1
963,7804064,0.57,9.69,6.85,B1
964,1417905,0.54,9.26,6.55,B1
965,2253940,0.57,9.91,7.0,B1
966,8903354,0.65,14.21,10.05,B1
967,6455194,0.41,15.01,10.61,B1
968,4091666,0.52,8.99,6.36,B1
969,5440349,0.51,8.96,6.34,B1
970,1418778,0.44,7.46,5.28,B1
971,7830557,0.49,8.55,6.04,B1
972,1617931,0.54,9.16,6.48,B1
973,6076003,0.43,7.45,5.27,B1
974,1836865,0.38,12.24,8.65,B1
975,1710083,0.67,10.09,7.13,B1
976,7790659,0.68,7.3,5.16,B1
977,6281601,0.46,12.19,8.62,B1
978,7274839,0.47,8.6,6.08,B1
979,1174094,0.48,9.25,6.54,B1
980,2729086,0.49,9.78,6.91,B1
981,6160375,0.68,8.62,6.09,B1
982,3114466,0.57,9.81,6.93,B1
983,1055659,0.53,9.62,6.8,B1
984,4791458,0.51,8.86,6.27,B1
985,1967860,0.53,11.76,8.32,B1
986,1456201,0.54,9.91,7.01,B1
987,3992628,0.59,9.57,6.77,B1
988,3086427,0.61,8.03,5.68,B1
989,9420246,0.4,9.87,6.98,B1
990,6504055,0.47,7.95,5.62,B1
991,7261356,0.3,3.25,2.3,B1
992,9648342,0.52,9.7,6.86,B1
993,6638039,0.48,5.32,3.76,B1
994,4256671,0.58,9.9,7.0,B1
995,3401430,0.57,12.86,9.09,B1
996,3651087,0.56,9.05,6.4,B1
997,2466843,0.46,8.03,5.68,B1
998,2159111,0.49,8.34,5.9,B1
999,1089382,0.5,8.65,6.11,B1
1000,9031636,0.57,8.54,6.04,B1
1001,4785195,0.51,9.04,6.39,B1
1002,9714314,0.51,8.88,6.28,B1
1003,8414317,0.52,8.95,6.33,B1
1004,6761482,0.81,6.84,4.83,A1
1005,9481898,0.46,5.14,3.63,A1
1006,7269160,0.73,6.53,4.61,A1
1007,1338419,0.55,5.32,3.76,A1
1008,1008348,0.54,6.04,4.27,A1
1009,2288969,0.8,6.62,4.68,A1
1010,6293261,0.73,7.05,4.99,A1
1011,4430991,0.45,4.78,3.38,A1
1012,1488130,0.78,4.42,3.12,A1
1013,2000869,0.43,4.61,3.26,A1
1014,3162150,0.49,5.05,3.57,A1
1015,2835398,0.77,6.79,4.8,A1
1016,6923418,0.47,5.2,3.68,A1
1017,4362554,0.48,5.25,3.71,A1
1018,4680014,0.5,5.59,3.95,A1
1019,4618426,0.33,3.61,2.55,A1
1020,8800064,0.81,6.91,4.88,A1
1021,4854640,0.72,7.35,5.2,A1
1022,8386416,0.51,5.61,3.97,A1
1023,2084267,0.47,4.8,3.4,A1
1024,4947934,0.83,5.0,3.54,A1
1025,3968013,0.47,4.99,3.53,A1
1026,6534472,0.38,4.18,2.96,A1
1027,7544391,0.84,6.2,4.39,A1
1028,7340495,0.64,7.75,5.48,A1
1029,9504677,0.53,5.73,4.05,A1
1030,7652202,0.4,3.86,2.73,A1
1031,8097758,0.7,4.0,2.83,A1
1032,9896354,0.45,4.85,3.43,A1
1033,7471520,0.72,7.01,4.96,A1
1034,7077221,0.44,4.82,3.41,A1
1035,4038343,0.85,5.28,3.74,A1
1036,3049999,0.81,4.93,3.49,A1
1037,1527778,0.44,4.99,3.53,A1
1038,2599347,0.41,4.56,3.23,A1
1039,1437622,0.69,8.33,5.89,A1
1040,5816812,0.69,6.43,4.55,A1
1041,8077767,0.8,6.12,4.33,A1
1042,4480134,0.5,5.32,3.76,A1
1043,9666181,0.51,5.41,3.83,A1
1044,1133755,0.52,5.48,3.88,A1
1045,4589563,0.9,5.03,3.56,A1
1046,3085246,0.7,6.04,4.27,A1
1047,8147247,0.85,7.19,5.08,A1
1048,2976732,0.44,4.52,3.2,A1
1049,2731358,0.8,5.06,3.58,A1
1050,7852956,0.55,5.63,3.98,A1
1051,9894661,0.86,5.17,3.65,A1
1052,1682592,0.41,4.68,3.31,A1
1053,1890873,0.72,6.69,4.73,A1
1054,5802121,0.5,6.24,4.42,A1
1055,2207411,0.6,6.0,4.24,A1
1056,3109899,0.77,6.89,4.87,A1
1057,2489143,0.54,5.67,4.01,A1
1058,7973255,0.38,3.89,2.75,A1
1059,6767383,0.42,4.62,3.26,A1
1060,3062355,0.41,4.55,3.21,A1
1061,6178286,0.85,7.26,5.13,A1
1062,3737765,0.64,6.77,4.79,A1
1063,4555629,0.47,4.86,3.43,A1
1064,2516985,0.69,7.95,5.62,A1
1065,9504683,0.67,5.85,4.14,A1
1066,5651811,0.37,4.19,2.96,A1
1067,1234441,0.48,5.29,3.74,A1
1068,2421978,0.72,6.34,4.48,A1
1069,4607030,0.76,7.6,5.37,A1
1070,5967668,0.43,4.78,3.38,A1
1071,7584340,0.74,6.5,4.59,A1
1072,4589686,0.48,5.03,3.56,A1
1073,6392055,0.71,6.51,4.6,A1
1074,7567225,0.45,4.8,3.39,A1
1075,9928731,0.84,5.49,3.88,A1
1076,4032331,0.76,6.41,4.53,A1
1077,8186684,0.77,5.13,3.62,A1
1078,2748946,0.91,5.41,3.82,A1
1079,9619758,0.45,5.01,3.54,A1
1080,4321900,0.55,5.59,3.95,A1
1081,1141360,0.51,5.7,4.03,A1
1082,6706177,0.75,6.71,4.74,A1
1083,4144440,0.91,5.32,3.76,A1
1084,5121621,0.85,5.83,4.13,A1
1085,1488643,0.51,5.41,3.83,A1
1086,6984041,0.79,4.96,3.51,A1
1087,4717293,0.87,5.44,3.85,A1
1088,2670281,1.0,5.29,3.74,A1
1089,7585910,0.41,4.68,3.31,A1
1090,5441438,0.42,4.07,2.88,A1
1091,4063287,0.46,4.92,3.48,A1
1092,4326410,0.83,6.7,4.74,A1
1093,9243702,0.47,5.01,3.54,A1
1094,2938161,0.8,7.46,5.28,A1
1095,1935154,0.5,5.12,3.62,A1
1096,9683939,0.46,5.24,3.7,A1
1097,9590919,0.47,5.16,3.65,A1
1098,2755240,0.4,3.84,2.71,A1
1099,8809200,0.51,5.61,3.97,A1
1100,4148847,0.81,6.6,4.66,A1
1101,1215108,0.5,5.05,3.57,A1
1102,7122721,0.91,5.41,3.82,A1
1103,9379960,0.9,5.03,3.56,A1
1104,2208542,0.84,5.49,3.88,A1
1105,6059207,0.71,4.63,3.27,A1
1106,4788733,0.41,4.58,3.24,A1
1107,9139912,0.45,4.93,3.49,A1
1108,8160933,0.77,7.7,5.44,A1
1109,4791715,0.47,4.8,3.4,A1
1110,5432821,0.82,6.23,4.4,A1
1111,6393708,0.68,6.43,4.55,A1
1112,6200634,0.42,4.52,3.19,A1
1113,7053820,0.76,4.94,3.49,A1
1114,8770428,0.88,5.14,3.64,A1
1115,6882052,0.48,4.83,3.41,A1
1116,4349207,0.51,5.0,3.54,A1
1117,6988601,0.75,6.18,4.37,A1
1118,4620068,0.54,5.56,3.93,A1
1119,3234635,0.86,4.54,3.21,A1
1120,5261222,0.43,4.62,3.27,A1
1121,8997136,0.8,5.06,3.58,A1
1122,7395097,0.76,6.92,4.89,A1
1123,6935825,0.38,3.89,2.75,A1
1124,5414552,0.38,4.22,2.98,A1
1125,4659612,0.35,3.95,2.79,A1
1126,2648931,0.48,5.32,3.76,A1
1127,3873666,0.59,7.05,4.98,A1
1128,9178162,0.82,5.03,3.56,A1
1129,2732182,0.49,5.05,3.57,A1
1130,1621788,0.63,6.54,4.63,A1
1131,9122402,0.47,4.7,3.32,A1
1132,2134150,0.5,5.55,3.92,A1
1133,8363277,0.7,6.9,4.88,A1
1134,9510383,0.44,5.02,3.55,A1
1135,3785769,0.55,3.86,2.73,A1
1136,9184241,0.41,4.14,2.93,A1
1137,9517155,0.59,4.35,3.08,A1
1138,4506193,0.37,4.05,2.86,A1
1139,2654365,0.81,6.74,4.77,A1
1140,6582087,0.42,4.62,3.26,A1
1141,3534674,0.48,4.36,3.09,A1
1142,6002190,0.42,4.51,3.19,A1
1143,7866830,0.87,5.44,3.85,A1
1144,6570082,0.69,6.26,4.42,A1
1145,2606210,0.46,4.51,3.19,A1
1146,1477556,0.39,4.33,3.06,A1
1147,3489719,0.89,5.43,3.84,A1
1148,2234731,0.42,4.35,3.08,A1
1149,9764607,0.46,5.14,3.63,A1
1150,2292542,0.81,5.54,3.92,A1
1151,2411043,0.46,4.49,3.18,A1
1152,3914564,0.85,5.47,3.87,A1
1153,6409693,0.47,5.01,3.55,A1
1154,8273781,0.82,6.79,4.8,A1
1155,7353933,0.56,5.48,3.88,A1
1156,9230439,0.66,6.86,4.85,A1
1157,2562885,0.4,4.4,3.11,A1
1158,4163426,0.55,5.54,3.92,A1
1159,3889708,0.41,4.46,3.15,A1
1160,7325666,0.88,5.05,3.57,A1
1161,5877782,0.63,6.74,4.77,A1
1162,8354907,0.47,3.29,2.32,A1
1163,2275228,0.74,7.43,5.25,A1
1164,7951204,0.65,4.71,3.33,A1
1165,7334312,0.44,4.84,3.42,A1
1166,9904708,0.46,5.02,3.55,A1
1167,4263944,0.89,5.88,4.16,A1
1168,9036653,0.48,5.05,3.57,A1
1169,8223939,0.42,4.35,3.08,A1
1170,1046654,0.97,5.2,3.68,A1
1171,6826691,0.47,5.01,3.54,A1
1172,3565213,0.45,4.53,3.2,A1
1173,3372496,0.42,4.44,3.14,A1
1174,1292006,0.86,7.1,5.02,A1
1175,7309523,0.72,4.59,3.24,A1
1176,4232276,0.82,4.7,3.32,A1
1177,1030806,0.5,5.41,3.82,A1
1178,2823933,0.73,6.28,4.44,A1
1179,5091989,0.42,4.6,3.25,A1
1180,9548785,0.65,6.46,4.57,A1
1181,3848594,0.69,6.87,4.86,A1
1182,7292457,0.73,4.82,3.41,A1
1183,3998015,0.47,5.3,3.75,A1
1184,9461109,0.61,7.12,5.03,A1
1185,2229137,0.47,4.96,3.51,A1
1186,2822578,0.43,4.5,3.18,A1
1187,3078245,0.56,6.08,4.3,A1
1188,9480135,0.88,5.05,3.57,A1
1189,6773100,0.9,5.03,3.56,A1
1190,1572842,0.35,3.88,2.74,A1
1191,8061765,0.48,5.34,3.78,A1
1192,4187817,0.77,6.86,4.85,A1
1193,8060229,0.52,5.37,3.8,A1
1194,5136568,0.34,3.42,2.42,A1
1195,8348725,0.48,5.32,3.76,A1
1196,7515346,0.83,4.56,3.23,A1
1197,5404404,0.4,4.06,2.87,A1
1198,3219791,0.77,7.18,5.08,A1
1199,5219550,0.68,7.21,5.1,A1
1200,5346652,0.46,5.12,3.62,A1
1201,2403235,0.39,3.75,2.65,A1
1202,2739844,0.93,4.91,3.47,A1
1203,7264364,0.8,7.22,5.11,A1
1204,6518105,0.48,5.2,3.68,A1
1205,3667112,0.47,5.2,3.68,A1
1206,5569050,0.63,7.99,5.65,A1
1207,1708721,0.48,5.41,3.83,A1
1208,1247924,0.81,4.93,3.49,A1
1209,8455070,0.46,5.07,3.59,A1
1210,1763556,0.75,7.13,5.04,A1
1211,3813900,0.78,7.44,5.26,A1
1212,9605445,0.53,5.8,4.1,A1
1213,5827917,0.57,5.77,4.08,A1
1214,4685434,0.41,4.0,2.83,A1
1215,4737618,0.46,4.58,3.24,A1
1216,9683256,0.57,6.35,4.49,A1
1217,6553243,0.45,4.3,3.04,A1
1218,7982256,0.85,5.38,3.8,A1
1219,1500429,0.9,4.93,3.49,A1
1220,7371907,0.76,6.51,4.6,A1
1221,5180392,0.9,4.83,3.41,A1
1222,3045570,0.52,5.1,3.61,A1
1223,1773994,0.96,6.64,4.69,A1
1224,5677229,0.78,4.9,3.47,A1
1225,4105647,0.51,5.36,3.79,A1
1226,7268150,0.45,4.72,3.33,A1
1227,5779037,0.5,5.59,3.95,A1
1228,3156131,0.4,4.36,3.09,A1
1229,6106317,0.91,5.32,3.76,A1
1230,3183134,0.54,5.09,3.6,A1
1231,9943358,0.89,5.24,3.71,A1
1232,4391651,0.72,6.69,4.73,A1
1233,6300251,0.47,5.01,3.54,A1
1234,6157790,0.51,5.29,3.74,A1
1235,5305396,0.66,6.04,4.27,A1
1236,7969984,0.65,7.81,5.52,A1
1237,7127948,0.48,4.5,3.18,A1
1238,9006064,0.69,7.0,4.95,A1
1239,4653864,0.7,6.84,4.84,A1
1240,5816564,0.82,5.22,3.69,A1
1241,8675949,0.72,7.26,5.14,A1
1242,2588976,0.76,5.97,4.22,A1
1243,5255039,0.86,7.78,5.5,A1
1244,1476551,0.45,4.12,2.91,A1
1245,7984673,0.7,6.64,4.7,A1
1246,4063572,0.52,5.81,4.11,A1
1247,2034070,0.88,7.69,5.43,A1
1248,9621665,0.44,4.85,3.43,A1
1249,6599323,0.67,6.39,4.52,A1
1250,2400451,0.91,5.41,3.82,A1
1251,1699827,0.83,6.93,4.9,A1
1252,8384227,0.61,6.1,4.31,A1
1253,1911326,0.75,6.94,4.91,A1
1254,3509690,0.83,4.9,3.47,A1
1255,3627155,0.52,5.39,3.81,A1
1256,1025359,0.5,8.66,6.12,A1
1257,8901964,0.79,4.87,3.44,A1
1258,2164135,0.85,5.83,4.13,A1
1259,4555279,0.89,5.43,3.84,A1
1260,3568299,0.48,4.8,3.39,A1
1261,1038234,0.88,5.05,3.57,A1
1262,8137074,0.74,7.37,5.21,A1
1263,4687231,0.94,5.4,3.82,A1
1264,5638988,0.81,7.33,5.19,A1
1265,1066464,0.74,6.93,4.9,A1
1266,6778451,0.44,4.54,3.21,A1
1267,8546328,0.75,6.64,4.69,A1
1268,3440088,0.75,4.24,3.0,A1
1269,5643145,0.87,5.35,3.79,A1
1270,9041910,0.83,5.6,3.96,A1
1271,1001801,0.49,5.17,3.66,A1
1272,8889161,0.44,4.84,3.42,A1
1273,2222597,0.72,7.17,5.07,A1
1274,9034569,0.69,4.17,2.95,A1
1275,6886668,0.39,4.06,2.87,A1
1276,2945268,0.44,4.74,3.35,A1
1277,7955893,0.79,5.48,3.88,A1
1278,4915066,0.5,5.55,3.92,A1
1279,8830631,0.41,4.35,3.07,A1
1280,3411797,0.57,4.0,2.83,A1
1281,8996796,0.78,7.0,4.95,A1
1282,8572998,0.53,5.3,3.75,A1
1283,4959111,0.44,4.46,3.15,A1
1284,5643492,0.73,6.99,4.94,A1
1285,5137528,0.78,4.9,3.47,A1
1286,5359750,0.77,6.79,4.8,A1
1287,9369668,0.39,3.84,2.71,A1
1288,9190363,0.21,2.34,1.66,A1
1289,5897992,0.84,5.58,3.94,A1
1290,3023246,0.45,4.59,3.24,A1
1291,6777692,0.71,4.77,3.37,A1
1292,6266720,0.66,8.59,6.07,C2
1293,3977796,0.39,8.72,6.17,C2
1294,5165802,0.56,11.27,7.97,C2
1295,3406785,0.5,13.7,9.69,C2
1296,2474862,0.57,10.3,7.28,C2
1297,2103220,0.54,10.21,7.22,C2
1298,6078145,0.5,12.68,8.97,C2
1299,9973360,0.6,11.61,8.21,C2
1300,1823232,0.42,15.44,10.92,C2
1301,5906201,0.46,11.03,7.8,C2
1302,3867336,0.42,12.07,8.54,C2
1303,7772718,0.47,12.03,8.51,C2
1304,4157050,0.54,15.51,10.96,C2
1305,3593216,0.41,9.25,6.54,C2
1306,7866508,0.48,14.08,9.95,C2
1307,6614310,0.5,14.2,10.04,C2
1308,6321299,0.5,13.07,9.24,C2
1309,5406032,0.54,13.2,9.34,C2
1310,7591535,0.55,12.15,8.59,C2
1311,9925795,0.36,9.19,6.5,C2
1312,9156326,0.46,12.0,8.48,C2
1313,2814042,0.51,15.27,10.8,C2
1314,3489061,0.54,12.18,8.61,C2
1315,3012783,0.55,12.14,8.58,C2
1316,5214189,0.43,15.08,10.66,C2
1317,4208119,0.53,12.28,8.69,C2
1318,4255211,0.47,15.22,10.76,C2
1319,8767545,0.38,10.29,7.28,C2
1320,4179792,0.5,17.46,12.35,C2
1321,6391848,0.51,9.99,7.06,C2
1322,9407740,0.44,12.54,8.87,C2
1323,3606732,0.43,16.51,11.68,C2
1324,8482948,0.53,13.46,9.52,C2
1325,2951176,0.5,14.78,10.45,C2
1326,2821211,0.51,11.94,8.44,C2
1327,1094459,0.48,10.95,7.75,C2
1328,5833580,0.62,9.98,7.06,C2
1329,7742516,0.47,12.69,8.97,C2
1330,6733623,0.56,9.87,6.98,C2
1331,3355439,0.43,10.61,7.5,C2
1332,5540466,0.47,10.45,7.39,C2
1333,5274912,0.34,10.54,7.46,C2
1334,5362926,0.51,12.52,8.85,C2
1335,5965524,0.47,11.9,8.42,C2
1336,2806295,0.57,12.86,9.09,C2
1337,5633163,0.34,12.93,9.14,C2
1338,3527637,0.51,10.44,7.38,C2
1339,2544346,0.56,12.25,8.66,C2
1340,2775857,0.49,9.99,7.06,C2
1341,5342945,0.53,11.18,7.91,C2
1342,3707808,0.53,12.08,8.54,C2
1343,4050414,0.46,14.38,10.17,C2
1344,3160291,0.43,13.4,9.47,C2
1345,8515194,0.5,13.84,9.79,C2
1346,2709011,0.49,11.62,8.22,C2
1347,6341392,0.41,12.46,8.81,C2
1348,9837777,0.45,12.34,8.73,C2
1349,5032696,0.63,9.28,6.56,C2
1350,6776505,0.55,16.25,11.49,C2
1351,8924441,0.5,12.72,8.99,C2
1352,5962494,0.57,12.36,8.74,C2
1353,2662269,0.43,8.67,6.13,C2
1354,5962937,0.48,14.03,9.92,C2
1355,3086860,0.64,9.78,6.92,C2
1356,1749615,0.49,13.07,9.24,C2
1357,2687031,0.43,9.18,6.49,C2
1358,5565011,0.65,6.86,4.85,C2
1359,9941027,0.63,11.91,8.42,C2
1360,1911587,0.43,9.56,6.76,C2
1361,4911484,0.42,13.18,9.32,C2
1362,7553154,0.53,11.71,8.28,C2
1363,8118455,0.49,13.91,9.84,C2
1364,6973580,0.35,12.75,9.01,C2
1365,9943808,0.48,12.49,8.83,C2
1366,5975034,0.57,9.49,6.71,C2
1367,7957539,0.5,15.3,10.82,C2
1368,5133708,0.51,12.53,8.86,C2
1369,7919202,0.48,12.65,8.94,C2
1370,5897208,0.47,14.97,10.59,C2
1371,2331409,0.48,10.79,7.63,C2
1372,8210474,0.49,12.37,8.75,C2
1373,9126145,0.5,10.07,7.12,C2
1374,6189722,0.51,9.32,6.59,C2
1375,6782239,0.5,12.9,9.12,C2
1376,2381149,0.39,10.01,7.08,C2
1377,9570999,0.63,9.49,6.71,C2
1378,8092387,0.53,10.18,7.2,C2
1379,2139755,0.46,13.86,9.8,C2
1380,9810386,0.43,13.26,9.38,C2
1381,1867179,0.33,9.86,6.97,C2
1382,1801151,0.5,12.22,8.64,C2
1383,8976539,0.7,12.64,8.94,C2
1384,7755429,0.52,11.78,8.33,C2
1385,5836620,0.46,13.78,9.74,C2
1386,3560773,0.45,10.73,7.59,C2
1387,9776217,0.35,8.1,5.73,C2
1388,7630373,0.52,13.99,9.89,C2
1389,9049926,0.42,10.02,7.08,C2
1390,7489378,0.46,10.45,7.39,C2
1391,9802905,0.51,14.03,9.92,C2
1392,1517356,0.53,11.98,8.47,C2
1393,6595858,0.48,15.17,10.73,C2
1394,1361946,0.48,13.01,9.2,C2
1395,3607028,0.54,12.1,8.56,C2
1396,9484187,0.43,12.58,8.9,C2
1397,2377345,0.66,10.54,7.45,C2
1398,1083599,0.49,14.15,10.0,C2
1399,9522034,0.63,9.32,6.59,C2
1400,3979371,0.59,17.32,12.24,C2
1401,4958383,0.45,15.55,11.0,C2
1402,4202738,0.65,10.61,7.5,C2
1403,3804828,0.62,8.46,5.98,C2
1404,5232353,0.52,12.26,8.67,C2
1405,2330308,0.5,14.32,10.12,C2
1406,6553413,0.62,9.88,6.98,C2
1407,5618478,0.58,11.28,7.97,C2
1408,9752892,0.45,11.74,8.3,C2
1409,3293364,0.38,9.4,6.64,C2
1410,8098542,0.51,13.81,9.77,C2
1411,1451108,0.5,14.75,10.43,C2
1412,3097876,0.43,14.06,9.94,C2
1413,6848558,0.49,15.35,10.86,C2
1414,5385550,0.54,9.11,6.44,C2
1415,5156942,0.53,12.45,8.81,C2
1416,6482922,0.53,14.92,10.55,C2
1417,4981088,0.49,14.42,10.19,C2
1418,9712933,0.44,9.88,6.99,C2
1419,1994786,0.51,15.27,10.79,C2
1420,6424281,0.66,7.54,5.33,C2
1421,2767489,0.47,12.98,9.18,C2
1422,9908103,0.41,11.83,8.36,C2
1423,2816098,0.47,14.74,10.42,C2
1424,1327137,0.5,13.68,9.68,C2
1425,7863875,0.36,8.59,6.07,C2
1426,2829766,0.5,15.46,10.93,C2
1427,6694049,0.48,15.08,10.66,C2
1428,6438955,0.54,15.06,10.65,C2
1429,8152006,0.62,11.92,8.43,C2
1430,7277537,0.48,12.84,9.08,C2
1431,3748285,0.46,14.2,10.04,C2
1432,8712771,0.54,13.85,9.79,C2
1433,6250482,0.6,10.26,7.26,C2
1434,5521205,0.46,13.78,9.74,C2
1435,5446769,0.53,14.23,10.07,C2
1436,6808331,0.52,14.84,10.49,C2
1437,7049354,0.55,13.32,9.42,C2
1438,8035871,0.42,14.7,10.4,C2
1439,2186501,0.28,12.99,9.19,C2
1440,4074218,0.67,9.17,6.48,C2
1441,7034926,0.41,10.05,7.11,C2
1442,6528850,0.54,13.52,9.56,C2
1443,2124104,0.56,13.88,9.81,C2
1444,5367533,0.48,13.11,9.27,C2
1445,5022030,0.45,10.65,7.53,C2
1446,2669213,0.54,11.12,7.86,C2
1447,6120034,0.46,12.35,8.73,C2
1448,5692686,0.49,12.84,9.08,C2
1449,9014746,0.44,12.34,8.72,C2
1450,4388367,0.52,8.95,6.33,C2
1451,3389712,0.56,11.87,8.39,C2
1452,8789643,0.48,14.69,10.39,C2
1453,7690438,0.37,7.46,5.28,C2
1454,8382055,0.48,15.31,10.83,C2
1455,4109387,0.46,16.63,11.76,C2
1456,2943952,0.45,13.18,9.32,C2
1457,2720717,0.47,11.7,8.28,C2
1458,1768594,0.64,9.27,6.55,C2
1459,1655648,0.54,14.46,10.23,C2
1460,3898757,0.46,12.95,9.15,C2
1461,5143281,0.58,12.42,8.78,C2
1462,1068027,0.52,12.58,8.9,C2
1463,7457379,0.42,10.7,7.57,C2
1464,3497499,0.54,11.13,7.87,C2
1465,2019163,0.52,10.75,7.6,C2
1466,6415592,0.43,13.17,9.31,C2
1467,4350707,0.47,15.46,10.93,C2
1468,4762888,0.56,10.15,7.18,C2
1469,8566699,0.5,14.71,10.4,C2
1470,8043180,0.54,11.55,8.16,C2
1471,3028132,0.48,13.39,9.47,C2
1472,8935264,0.44,15.15,10.71,C2
1473,4046976,0.52,15.46,10.93,C2
1474,7957128,0.5,13.78,9.75,C2
1475,7070683,0.43,15.64,11.06,C2
1476,7125240,0.44,14.13,9.99,C2
1477,8908439,0.47,15.3,10.82,C2
1478,5622889,0.51,12.76,9.02,C2
1479,6602666,0.39,8.99,6.36,C2
1480,2244336,0.58,10.8,7.64,C2
1481,2184809,0.54,11.35,8.03,C2
1482,3857058,0.55,13.34,9.43,C2
1483,4627784,0.63,8.2,5.8,C2
1484,1067828,0.32,10.07,7.12,C2
1485,7194206,0.54,11.13,7.87,C2
1486,4327814,0.48,13.26,9.38,C2
1487,5125963,0.52,15.22,10.76,C2
1488,4197714,0.53,10.88,7.69,C2
1489,9575498,0.51,9.3,6.58,C2
1490,8198457,0.59,13.22,9.35,C2
1491,2860070,0.48,12.72,9.0,C2
1492,1340869,0.56,14.11,9.98,C2
1493,7758772,0.58,9.87,6.98,C2
